query_id,source,status,retrieved,total_hits,retrieval_complete,truncated_at_limit,error,started_at,completed_at
robotic-ultrasound,europepmc,ok,180,180,True,False,,2026-09-10T11:48:41.971232+00:00,2026-09-10T11:48:47.236026+00:00
robotic-ultrasound,arxiv,ok,89,89,True,False,,2026-09-10T11:48:47.646428+00:00,2026-09-10T11:48:48.648879+00:00
embodied-endoscopy,europepmc,ok,121,121,True,False,,2026-09-10T11:48:57.794189+00:00,2026-09-10T11:49:02.541241+00:00
embodied-endoscopy,arxiv,ok,25,25,True,False,,2026-09-10T11:49:02.948833+00:00,2026-09-10T11:49:03.434921+00:00
tactile-examination,europepmc,ok,31,31,True,False,,2026-09-10T11:49:08.730144+00:00,2026-09-10T11:49:12.330068+00:00
tactile-examination,arxiv,ok,7,7,True,False,,2026-09-10T11:49:12.737331+00:00,2026-09-10T11:49:13.096518+00:00
diagnostic-sampling,europepmc,ok,37,37,True,False,,2026-09-10T11:49:18.630050+00:00,2026-09-10T11:49:23.701495+00:00
diagnostic-sampling,arxiv,ok,3,3,True,False,,2026-09-10T11:49:24.107483+00:00,2026-09-10T11:49:24.440016+00:00
active-diagnostic-agents,europepmc,ok,41,41,True,False,,2026-09-10T11:49:29.241846+00:00,2026-09-10T11:49:35.039864+00:00
active-diagnostic-agents,arxiv,ok,12,12,True,False,,2026-09-10T11:49:35.449656+00:00,2026-09-10T11:49:35.891957+00:00
medical-vla,europepmc,ok,278,278,True,False,,2026-09-10T11:49:51.505983+00:00,2026-09-10T11:50:01.851410+00:00
medical-vla,arxiv,ok,19,19,True,False,,2026-09-10T11:50:02.269751+00:00,2026-09-10T11:50:02.752962+00:00
adaptive-clinical-measurement,europepmc,ok,16,16,True,False,,2026-09-10T11:50:07.510823+00:00,2026-09-10T11:50:15.809596+00:00
adaptive-clinical-measurement,arxiv,ok,0,0,True,False,,2026-09-10T11:50:16.229973+00:00,2026-09-10T11:50:16.566715+00:00
capsule-and-luminal-robots,europepmc,ok,2051,2051,True,False,,2026-09-10T11:51:52.251867+00:00,2026-09-10T11:52:26.888043+00:00
capsule-and-luminal-robots,arxiv,ok,63,63,True,False,,2026-09-10T11:52:27.662025+00:00,2026-09-10T11:52:28.372233+00:00
ophthalmic-examination,europepmc,ok,132,132,True,False,,2026-09-10T11:52:40.170240+00:00,2026-09-10T11:52:46.595960+00:00
ophthalmic-examination,arxiv,ok,25,25,True,False,,2026-09-10T11:52:47.008045+00:00,2026-09-10T11:52:47.734044+00:00
dental-examination,europepmc,ok,106,106,True,False,,2026-09-10T11:52:55.741461+00:00,2026-09-10T11:53:01.168785+00:00
dental-examination,arxiv,ok,3,3,True,False,,2026-09-10T11:53:01.582971+00:00,2026-09-10T11:53:02.016472+00:00
diagnostic-laboratory-loops,europepmc,ok,2,2,True,False,,2026-09-10T11:53:06.759086+00:00,2026-09-10T11:53:08.848746+00:00
diagnostic-laboratory-loops,arxiv,ok,0,0,True,False,,2026-09-10T11:53:09.258175+00:00,2026-09-10T11:53:09.593035+00:00
multimodal-physical-examination,europepmc,ok,24,24,True,False,,2026-09-10T11:53:14.171460+00:00,2026-09-10T11:53:18.242039+00:00
multimodal-physical-examination,arxiv,ok,1,1,True,False,,2026-09-10T11:53:18.652678+00:00,2026-09-10T11:53:18.976028+00:00
robotic-oct-and-ophthalmic-acquisition,europepmc,ok,13,13,True,False,,2026-09-10T11:53:23.204694+00:00,2026-09-10T11:53:26.102936+00:00
robotic-oct-and-ophthalmic-acquisition,arxiv,ok,3,3,True,False,,2026-09-10T11:53:26.511047+00:00,2026-09-10T11:53:26.851051+00:00
stimulation-response-mapping,europepmc,ok,291,291,True,False,,2026-09-10T11:53:43.477214+00:00,2026-09-10T11:53:51.598236+00:00
stimulation-response-mapping,arxiv,ok,105,105,True,False,,2026-09-10T11:53:52.021676+00:00,2026-09-10T11:53:52.777124+00:00
robotic-functional-examination,europepmc,ok,587,587,True,False,,2026-09-10T11:54:23.088306+00:00,2026-09-10T11:54:33.278522+00:00
robotic-functional-examination,arxiv,ok,6,6,True,False,,2026-09-10T11:54:33.719865+00:00,2026-09-10T11:54:34.156785+00:00
robotic-swabbing-and-blood-collection,europepmc,ok,843,843,True,False,,2026-09-10T11:55:10.068104+00:00,2026-09-10T11:55:24.992740+00:00
robotic-swabbing-and-blood-collection,arxiv,ok,18,18,True,False,,2026-09-10T11:55:25.412167+00:00,2026-09-10T11:55:43.100094+00:00
adaptive-microfluidic-diagnostics,europepmc,ok,220,220,True,False,,2026-09-10T11:55:58.981451+00:00,2026-09-10T11:56:05.974467+00:00
adaptive-microfluidic-diagnostics,arxiv,ok,34,34,True,False,,2026-09-10T11:56:06.389879+00:00,2026-09-10T11:56:07.785446+00:00
autonomous-assay-development,europepmc,ok,3,3,True,False,,2026-09-10T11:56:11.598365+00:00,2026-09-10T11:56:13.700947+00:00
autonomous-assay-development,arxiv,ok,6,6,True,False,,2026-09-10T11:56:14.109463+00:00,2026-09-10T11:56:15.394816+00:00
wearable-triggered-testing,europepmc,ok,33,33,True,False,,2026-09-10T11:56:22.178113+00:00,2026-09-10T11:56:26.469848+00:00
wearable-triggered-testing,arxiv,ok,0,0,True,False,,2026-09-10T11:56:26.915576+00:00,2026-09-10T11:56:27.910473+00:00
ambient-adaptive-monitoring,europepmc,ok,104,104,True,False,,2026-09-10T11:56:38.362690+00:00,2026-09-10T11:56:43.928601+00:00
ambient-adaptive-monitoring,arxiv,ok,38,38,True,False,,2026-09-10T11:56:44.334182+00:00,2026-09-10T11:56:46.010541+00:00
capsule-quality-feedback,europepmc,ok,3,3,True,False,,2026-09-10T11:56:49.497998+00:00,2026-09-10T11:56:52.064127+00:00
capsule-quality-feedback,arxiv,ok,0,0,True,False,,2026-09-10T11:56:52.467796+00:00,2026-09-10T11:56:53.203302+00:00
focused-tms-mapping,europepmc,ok,26,26,True,False,,2026-09-10T11:56:59.424857+00:00,2026-09-10T11:57:02.885603+00:00
focused-tms-mapping,arxiv,ok,2,2,True,False,,2026-09-10T11:57:03.290622+00:00,2026-09-10T11:57:04.048657+00:00
focused-robotic-blood-and-swab,europepmc,ok,26,26,True,False,,2026-09-10T11:57:09.239507+00:00,2026-09-10T11:57:12.661724+00:00
focused-robotic-blood-and-swab,arxiv,ok,2,2,True,False,,2026-09-10T11:57:13.066833+00:00,2026-09-10T11:57:13.656107+00:00
focused-robotic-bronchoscopy,europepmc,ok,256,256,True,False,,2026-09-10T11:57:30.676666+00:00,2026-09-10T11:57:38.021364+00:00
focused-robotic-bronchoscopy,arxiv,ok,2,2,True,False,,2026-09-10T11:57:38.432837+00:00,2026-09-10T11:57:39.105182+00:00
focused-feedback-microfluidics,europepmc,ok,118,118,True,False,,2026-09-10T11:57:48.817503+00:00,2026-09-10T11:57:53.704798+00:00
focused-feedback-microfluidics,arxiv,ok,10,10,True,False,,2026-09-10T11:57:54.113542+00:00,2026-09-10T11:57:55.325501+00:00
focused-robotic-assessment-devices,europepmc,ok,104,104,True,False,,2026-09-10T11:58:03.860818+00:00,2026-09-10T11:58:08.236509+00:00
focused-robotic-assessment-devices,arxiv,ok,12,12,True,False,,2026-09-10T11:58:08.646170+00:00,2026-09-10T11:58:25.518000+00:00
robotic-ultrasound,pubmed,ok,178,178,True,False,,2026-09-10T12:01:15.903922+00:00,2026-09-10T12:01:19.930682+00:00
embodied-endoscopy,pubmed,ok,134,134,True,False,,2026-09-10T12:01:20.341872+00:00,2026-09-10T12:01:24.303489+00:00
tactile-examination,pubmed,ok,27,27,True,False,,2026-09-10T12:01:24.723719+00:00,2026-09-10T12:01:29.192965+00:00
diagnostic-sampling,pubmed,ok,34,34,True,False,,2026-09-10T12:01:29.600905+00:00,2026-09-10T12:01:32.780224+00:00
active-diagnostic-agents,pubmed,ok,33,33,True,False,,2026-09-10T12:01:33.187809+00:00,2026-09-10T12:01:36.608497+00:00
medical-vla,pubmed,ok,286,286,True,False,,2026-09-10T12:01:37.017368+00:00,2026-09-10T12:01:43.657963+00:00
adaptive-clinical-measurement,pubmed,ok,14,14,True,False,,2026-09-10T12:01:44.079964+00:00,2026-09-10T12:01:47.175318+00:00
capsule-and-luminal-robots,pubmed,ok,2070,2070,True,False,,2026-09-10T12:01:47.582940+00:00,2026-09-10T12:02:21.222908+00:00
ophthalmic-examination,pubmed,ok,129,129,True,False,,2026-09-10T12:02:22.062042+00:00,2026-09-10T12:02:26.354212+00:00
dental-examination,pubmed,ok,114,114,True,False,,2026-09-10T12:02:26.764817+00:00,2026-09-10T12:02:31.090964+00:00
diagnostic-laboratory-loops,pubmed,ok,3,3,True,False,,2026-09-10T12:02:31.516854+00:00,2026-09-10T12:02:34.234546+00:00
multimodal-physical-examination,pubmed,ok,25,25,True,False,,2026-09-10T12:02:34.641234+00:00,2026-09-10T12:02:38.096245+00:00
robotic-oct-and-ophthalmic-acquisition,pubmed,ok,11,11,True,False,,2026-09-10T12:02:38.504216+00:00,2026-09-10T12:02:41.371107+00:00
stimulation-response-mapping,pubmed,ok,264,264,True,False,,2026-09-10T12:02:41.778826+00:00,2026-09-10T12:02:48.667644+00:00
robotic-functional-examination,pubmed,ok,592,592,True,False,,2026-09-10T12:02:49.089201+00:00,2026-09-10T12:03:00.482254+00:00
robotic-swabbing-and-blood-collection,pubmed,ok,769,769,True,False,,2026-09-10T12:03:00.926943+00:00,2026-09-10T12:03:14.399682+00:00
adaptive-microfluidic-diagnostics,pubmed,ok,213,213,True,False,,2026-09-10T12:03:14.841174+00:00,2026-09-10T12:03:20.978109+00:00
autonomous-assay-development,pubmed,ok,3,3,True,False,,2026-09-10T12:03:21.398081+00:00,2026-09-10T12:03:24.053285+00:00
wearable-triggered-testing,pubmed,ok,44,44,True,False,,2026-09-10T12:03:24.459427+00:00,2026-09-10T12:03:28.119046+00:00
ambient-adaptive-monitoring,pubmed,ok,137,137,True,False,,2026-09-10T12:03:28.527835+00:00,2026-09-10T12:03:33.059360+00:00
capsule-quality-feedback,pubmed,ok,3,3,True,False,,2026-09-10T12:03:33.486330+00:00,2026-09-10T12:03:36.499779+00:00
focused-tms-mapping,pubmed,ok,32,32,True,False,,2026-09-10T12:03:36.907842+00:00,2026-09-10T12:03:40.329456+00:00
focused-robotic-blood-and-swab,pubmed,ok,26,26,True,False,,2026-09-10T12:03:40.736072+00:00,2026-09-10T12:03:44.359678+00:00
focused-robotic-bronchoscopy,pubmed,ok,280,280,True,False,,2026-09-10T12:03:44.768793+00:00,2026-09-10T12:03:51.896576+00:00
focused-feedback-microfluidics,pubmed,ok,105,105,True,False,,2026-09-10T12:03:52.312783+00:00,2026-09-10T12:03:56.364699+00:00
focused-robotic-assessment-devices,pubmed,ok,117,117,True,False,,2026-09-10T12:03:56.776551+00:00,2026-09-10T12:04:00.982860+00:00
wearable-alert-confirmatory-testing,pubmed,ok,64,64,True,False,,2026-09-10T12:11:07.602652+00:00,2026-09-10T12:11:13.197156+00:00
wearable-alert-confirmatory-testing,europepmc,ok,66,66,True,False,,2026-09-10T12:11:13.603999+00:00,2026-09-10T12:11:18.231178+00:00
wearable-alert-confirmatory-testing,arxiv,ok,17,17,True,False,,2026-09-10T12:11:18.637063+00:00,2026-09-10T12:11:20.043851+00:00
ferrobotic-molecular-testing,pubmed,ok,6,6,True,False,,2026-09-10T12:11:20.448016+00:00,2026-09-10T12:11:23.160773+00:00
ferrobotic-molecular-testing,europepmc,ok,6,6,True,False,,2026-09-10T12:11:23.564690+00:00,2026-09-10T12:11:25.874835+00:00
ferrobotic-molecular-testing,arxiv,ok,0,0,True,False,,2026-09-10T12:11:26.279055+00:00,2026-09-10T12:11:56.977976+00:00
