candidate_row_id,task_code,year_reported,title,doi,source_databases,adjudication_status,adjudication_reason,canonical_row_id
20,A10,2017,"Adding navigation, artificial audition and vital sign monitoring capabilities to a telepresence mobile robot for remote home care applications.",10.1109/icorr.2017.8009347,Europe PMC,Included,"Robot controls the diagnostic sensor, viewpoint, contact, or acquisition trajectory",20
26,A10,2018,Toward an Embodied Medicine: A Portable Device with Programmable Interoceptive Stimulation for Heart Rate Variability Enhancement.,10.3390/s18082469,Europe PMC,Excluded,"Physiological intervention or association study, not diagnostic acquisition",
34,A10,2020,Agile mobile robotic platform for contactless vital signs monitoring,10.36227/techrxiv.12811982.v1,OpenAlex,Merged version,Preprint/journal versions counted once at the earliest public year,52
44,A10,2021,Personal Resilience Can Be Well Estimated from Heart Rate Variability and Paralinguistic Features during Human-Robot Conversations.,10.3390/s21175844,Europe PMC,Excluded,"Physiological intervention or association study, not diagnostic acquisition",
49,A10,2022,Home-care nursing controlled mobile robot with vital signal monitoring,10.1007/s11517-022-02712-y,Europe PMC; OpenAlex,Included,"Robot controls the diagnostic sensor, viewpoint, contact, or acquisition trajectory",49
52,A10,2022,Mobile Robotic Platform for Contactless Vital Sign Monitoring,10.34133/2022/9780497,Europe PMC; OpenAlex,Included,"Robot controls the diagnostic sensor, viewpoint, contact, or acquisition trajectory",52
56,A10,2023,Cost-effective Mobile Solution for Autonomous and Continuous Vital Signs Monitoring,10.36227/techrxiv.22009355.v1,OpenAlex,Excluded,No embodied sensor positioning for vital-sign acquisition,
58,A10,2023,Effectiveness of mobile robots collecting vital signs and radiation dose rate for patients receiving Iodine-131 radiotherapy: A randomized clinical trial,10.3389/fpubh.2022.1042604,Europe PMC; OpenAlex,Included,"Robot controls the diagnostic sensor, viewpoint, contact, or acquisition trajectory",58
60,A10,2023,Emergency Response Person Localization and Vital Sign Estimation Using a Semi-Autonomous Robot Mounted SFCW Radar.,10.1109/tbme.2024.3350789,Europe PMC; arXiv,Included,"Robot controls the diagnostic sensor, viewpoint, contact, or acquisition trajectory",60
81,A10,2025,Automatic Vital Sign Measurement Enabled by a Semi-Autonomous Robot,10.36227/techrxiv.174611546.65905947/v1,OpenAlex,Included,"Robot controls the diagnostic sensor, viewpoint, contact, or acquisition trajectory",81
98,A10,2025,Robot-based Optical Assessment of Vital Signs in Healthcare with a Social Interface,10.1515/cdbme-2025-0306,OpenAlex,Included,"Robot controls the diagnostic sensor, viewpoint, contact, or acquisition trajectory",98
103,A10,2026,ActiveVital: Geometry-Aware Embodied Vital Signs Monitoring for Home Healthcare Robots,10.48550/arxiv.2606.30275,OpenAlex; arXiv,Included,"Robot controls the diagnostic sensor, viewpoint, contact, or acquisition trajectory",103
105,A10,2026,An Integrated Soft Robotic System for Measuring Vital Signs in Search and Rescue Environments,,arXiv,Included,"Robot controls the diagnostic sensor, viewpoint, contact, or acquisition trajectory",105
115,A10,2026,Inducing Calmness With Pocket-Sized Robotics: Reducing Movement and Heart Rate in Children through Hand-Held Tactile Interactions,,arXiv,Excluded,"Physiological intervention or association study, not diagnostic acquisition",
131,A8,1985,Toward robotic x-ray vision: new directions for computed tomography.,10.1364/ao.24.004124,Europe PMC,Excluded,No explicit robot-controlled diagnostic acquisition geometry,
133,A8,1989,Computer control of a real-time robotic radiographic inspection system,,OpenAlex,Excluded,No explicit robot-controlled diagnostic acquisition geometry,
148,A8,2000,A C-arm fluoroscopy-guided progressive cut refinement strategy using a surgical robot,10.1002/igs.1000,OpenAlex,Excluded,No explicit robot-controlled diagnostic acquisition geometry,
149,A8,2000,Biomedical Paper A C-Arm Fluoroscopy-Guided Progressive Cut Refinement Strategy Using a Surgical Robot,,OpenAlex,Excluded,No explicit robot-controlled diagnostic acquisition geometry,
152,A8,2000,Robotic modelling of the spine based on three-dimensional radiography during a standing to sitting movement,10.1016/s1297-9562(00)90037-8,OpenAlex,Excluded,No explicit robot-controlled diagnostic acquisition geometry,
176,A8,2004,Medical robotics and fluoroscopy servoing: automating needle placement for spine procedures,,OpenAlex,Excluded,No explicit robot-controlled diagnostic acquisition geometry,
177,A8,2004,Robot control by fluoroscopic guidance for minimally invasive spine procedures,10.1016/j.ics.2004.03.336,OpenAlex,Excluded,No explicit robot-controlled diagnostic acquisition geometry,
181,A8,2005,A robotic C-arm fluoroscope,10.1002/rcs.34,Europe PMC; OpenAlex,Included,"Robot controls the diagnostic sensor, viewpoint, contact, or acquisition trajectory",181
199,A8,2006,A robotic radiographic imaging platform for observation of dynamic skeletal motion and tomography,10.1016/s0021-9290(06)84824-4,OpenAlex,Included,"Robot controls the diagnostic sensor, viewpoint, contact, or acquisition trajectory",199
218,A8,2007,Evaluation of Robotic Coronary Surgery With Intraoperative Graft Angiography and Postoperative Multislice Computed Tomography,10.1016/j.athoracsur.2006.10.054,OpenAlex,Excluded,No explicit robot-controlled diagnostic acquisition geometry,
222,A8,2007,Positioning accuracy of cone-beam computed tomography in combination with a HexaPOD robot treatment table,10.1016/j.ijrobp.2006.11.010,OpenAlex,Excluded,No explicit robot-controlled diagnostic acquisition geometry,
241,A8,2008,What technical barriers exist for real‐time fluoroscopic and video image overlay in robotic surgery?,10.1002/rcs.221,OpenAlex,Excluded,Robot performs an intervention; imaging sensor is not the controlled diagnostic device,
255,A8,2009,Using a Robotic Arm for Echocardiography to X-ray Image Registration during Cardiac Catheterization Procedures,,OpenAlex,Excluded,No explicit robot-controlled diagnostic acquisition geometry,
260,A8,2010,An Assistive Image-Guided Surgical Robot System Using O-Arm Fluoroscopy for Pedicle Screw Insertion: Preliminary and Cadaveric Study,10.1227/neu.0b013e3181fa7e42,OpenAlex,Excluded,No explicit robot-controlled diagnostic acquisition geometry,
264,A8,2010,Frameless image guided robotic radiosurgery of arteriovenous malformation localized on spatially correlated digital subtraction and C-arm CT angiography images,10.1136/jnis.2009.001941,OpenAlex,Excluded,No explicit robot-controlled diagnostic acquisition geometry,
266,A8,2010,Hybrid echo and x-ray image guidance for cardiac catheterization procedures by using a robotic arm: a feasibility study,10.1088/0031-9155/55/13/n01,OpenAlex,Excluded,No explicit robot-controlled diagnostic acquisition geometry,
292,A8,2011,An Assistive Image-Guided Surgical Robot System Using O-Arm Fluoroscopy for Pedicle Screw Insertion: Preliminary and Cadaveric Study: Errata,10.1227/01.neu.0000393362.95047.84,OpenAlex,Excluded,No explicit robot-controlled diagnostic acquisition geometry,
312,A8,2011,Volume-of-Interest Imaging of the Inner Ear in a Human Temporal Bone Specimen Using a Robot- Driven C-Arm Flat Panel Detector CT System,10.3174/ajnr.a2577,OpenAlex,Included,"Robot controls the diagnostic sensor, viewpoint, contact, or acquisition trajectory",312
319,A8,2012,Accuracy and speed of robotic assisted needle interventions using a modern cone beam computed tomography intervention suite: a phantom study,10.1007/s00330-012-2585-0,OpenAlex,Excluded,No explicit robot-controlled diagnostic acquisition geometry,
326,A8,2012,Cone beam CT image artefacts related to head motion simulated by a robot skull: visual characteristics and impact on image quality,10.1259/dmfr/32310645,OpenAlex,Excluded,No explicit robot-controlled diagnostic acquisition geometry,
327,A8,2012,Development of an automatic and mobile X-ray robot: An innovative approach to medical imaging through mechatronics,10.1016/j.jfranklin.2011.11.010,OpenAlex,Included,"Robot controls the diagnostic sensor, viewpoint, contact, or acquisition trajectory",327
329,A8,2012,Functional and Molecular Imaging of the Axilla as the Patient Is in Position for Radiation Therapy Using a Robotic Multi-pinhole SPECT System,10.1016/j.ijrobp.2012.07.643,OpenAlex,Included,"Robot controls the diagnostic sensor, viewpoint, contact, or acquisition trajectory",329
336,A8,2012,PREOPERATIVE PREDICTION OF GAP BALANCE BASED ON THE RADIOGRAPHIC FLEXION AND EXTENSION LAXITIES IN ROBOTIC TOTAL KNEE ARTHROPLASTY,,OpenAlex,Excluded,No explicit robot-controlled diagnostic acquisition geometry,
340,A8,2012,TH-E-BRA-01: A Line-Source Method for Aligning Onboard-Robotic-Pinhole and Other SPECT-Pinhole Systems,10.1118/1.4736362,OpenAlex,Included,"Robot controls the diagnostic sensor, viewpoint, contact, or acquisition trajectory",340
342,A8,2012,TU‐A‐BRA‐01: A Robotic Multi‐Pinhole SPECT System for Onboard and Other Region‐Of‐Interest Imaging,10.1118/1.4735869,OpenAlex,Included,"Robot controls the diagnostic sensor, viewpoint, contact, or acquisition trajectory",342
358,A8,2013,Comparison of Radiographic Results of Total Knee Arthroplsty Using Robot-Assisted and Conventional Manual Method in Severe Varus Deformity,,OpenAlex,Excluded,Robot performs an intervention; imaging sensor is not the controlled diagnostic device,
361,A8,2013,Deformable image registration for cone-beam CT guided transoral robotic base-of-tongue surgery,10.1088/0031-9155/58/14/4951,OpenAlex,Excluded,No explicit robot-controlled diagnostic acquisition geometry,
372,A8,2013,Onboard functional and molecular imaging: A design investigation for robotic multipinhole SPECT,10.1118/1.4845195,Europe PMC; OpenAlex,Included,"Robot controls the diagnostic sensor, viewpoint, contact, or acquisition trajectory",372
379,A8,2013,SU-D-500-06: On-Board Robotic Multi-Pinhole SPECT System for Prone Breast Imaging,10.1118/1.4814023,OpenAlex,Included,"Robot controls the diagnostic sensor, viewpoint, contact, or acquisition trajectory",379
382,A8,2013,TH-A-WAB-04: Respiratory Sorted Imaging Using Region-Of-Interest Robotic Multi-Pinhole SPECT System,10.1118/1.4815698,OpenAlex,Included,"Robot controls the diagnostic sensor, viewpoint, contact, or acquisition trajectory",382
389,A8,2013,WE‐G‐500‐09: Robotic Multi‐Pinhole Scenarios for SPECT Molecular and Functional Imaging Onboard and in Other Applications,10.1118/1.4815642,OpenAlex,Included,"Robot controls the diagnostic sensor, viewpoint, contact, or acquisition trajectory",389
390,A8,2014,2D–3D radiograph to cone-beam computed tomography (CBCT) registration for C-arm image-guided robotic surgery,10.1007/s11548-014-1132-7,OpenAlex,Excluded,Robot performs an intervention; imaging sensor is not the controlled diagnostic device,
393,A8,2014,A hardware investigation of robotic SPECT for functional and molecular imaging onboard radiation therapy systems,10.1118/1.4898121,Europe PMC; OpenAlex,Included,"Robot controls the diagnostic sensor, viewpoint, contact, or acquisition trajectory",393
394,A8,2014,AUGMENTED REALITY AND INTRAOPERATIVE C-ARM CONE-BEAM COMPUTED TOMOGRAPHY FOR IMAGE-GUIDED ROBOTIC SURGERY,,OpenAlex,Excluded,Robot performs an intervention; imaging sensor is not the controlled diagnostic device,
395,A8,2014,Accuracy of Hypofractionated Intracranial Stereotactic Radiation Therapy Under Cone Beam Computed Tomography Image Guidance With a 6 Degrees of Freedom Robotic Couch and Mask System,10.1016/j.ijrobp.2014.05.2542,OpenAlex,Excluded,No explicit robot-controlled diagnostic acquisition geometry,
412,A8,2014,MO‐G‐17A‐02: Computer Simulation Studies for On‐Board Functional and Molecular Imaging of the Prostate Using a Robotic Multi‐Pinhole SPECT System,10.1118/1.4889204,OpenAlex,Included,"Robot controls the diagnostic sensor, viewpoint, contact, or acquisition trajectory",412
415,A8,2014,On-board Robotic Multi-pinhole SPECT System for Region-of-interest (ROI) Imaging,,OpenAlex,Included,"Robot controls the diagnostic sensor, viewpoint, contact, or acquisition trajectory",415
418,A8,2014,ROBOTIC ASSISTED TOTAL HIP REPLACEMENT: IMPROVED RADIOGRAPHIC AND CLINICAL OUTCOMES COMPARED WITH MANUAL TECHNIQUES AT MINIMUM ONE-YEAR FOLLOW-UP,,OpenAlex,Excluded,Robot performs an intervention; imaging sensor is not the controlled diagnostic device,
422,A8,2014,SU‐E‐I‐79: Effect of Number of Pinholes in Onboard Robotic Multi‐Pinhole SPECT System,10.1118/1.4888029,OpenAlex,Included,"Robot controls the diagnostic sensor, viewpoint, contact, or acquisition trajectory",422
424,A8,2014,TH-C-17A-06: A Hardware Implementation and Evaluation of Robotic SPECT: Toward Molecular Imaging Onboard Radiation Therapy Machines,10.1118/1.4889617,OpenAlex,Included,"Robot controls the diagnostic sensor, viewpoint, contact, or acquisition trajectory",424
435,A8,2015,Augmented reality and cone beam CT guidance for transoral robotic surgery,10.1007/s11701-015-0520-5,OpenAlex,Excluded,Robot performs an intervention; imaging sensor is not the controlled diagnostic device,
439,A8,2015,First Robotic SPECT for Minimally Invasive Sentinel Lymph Node Mapping,10.1109/tmi.2015.2498125,Europe PMC; OpenAlex,Included,"Robot controls the diagnostic sensor, viewpoint, contact, or acquisition trajectory",439
443,A8,2015,Image quality and effective dose of a robotic flat panel 3D C‐arm vs computed tomography,10.1002/rcs.1718,OpenAlex,Included,"Robot controls the diagnostic sensor, viewpoint, contact, or acquisition trajectory",443
444,A8,2015,Intraoperative 3D Imaging in Spine Surgery: Evaluation of Image Quality of a Robotic Flat Panel 3D C-Arm and Development of a Standard Operating Procedure,10.1055/s-0035-1554301,OpenAlex,Included,"Robot controls the diagnostic sensor, viewpoint, contact, or acquisition trajectory",444
452,A8,2015,Radiographic and histopathologic findings of the tongue base in patients with obstructive sleep apnea after transoral robotic surgery: A preliminary study,10.1016/j.sleep.2015.02.042,OpenAlex,Excluded,Robot performs an intervention; imaging sensor is not the controlled diagnostic device,
453,A8,2015,Real-time navigation in transoral robotic nasopharyngectomy utilizing on table fluoroscopy and image overlay software: a cadaveric feasibility study,10.1007/s11701-015-0532-1,Europe PMC; OpenAlex,Excluded,No explicit robot-controlled diagnostic acquisition geometry,
454,A8,2015,Robot guidance of an ultrasound probe toward a 3D region of interest detected through X-ray mammography,10.1007/s11548-015-1244-8,OpenAlex,Excluded,No explicit robot-controlled diagnostic acquisition geometry,
456,A8,2015,Self-Calibration of Cone-Beam CT Geometry Using 3D-2D Image Registration: Development and Application to Task-Based Imaging with a Robotic C-Arm.,10.1117/12.2082538,Europe PMC,Included,"Robot controls the diagnostic sensor, viewpoint, contact, or acquisition trajectory",456
466,A8,2015,Value of C-Arm Cone Beam Computed Tomography Image Fusion in Maximizing the Versatility of Endovascular Robotics,10.1016/j.avsg.2015.06.070,OpenAlex,Excluded,No explicit robot-controlled diagnostic acquisition geometry,
492,A8,2016,Multimodal US–gamma imaging using collaborative robotics for cancer staging biopsies,10.1007/s11548-016-1464-6,OpenAlex,Included,"Robot controls the diagnostic sensor, viewpoint, contact, or acquisition trajectory",492
495,A8,2016,Navigation of a robot-integrated fluorescence laparoscope in preoperative SPECT/CT and intraoperative freehand SPECT imaging data: a phantom study,10.1117/1.jbo.21.8.086008,OpenAlex,Excluded,No explicit robot-controlled diagnostic acquisition geometry,
507,A8,2016,TU-FG-BRB-11: Design and Evaluation of a Robotic C-Arm CBCT System for Image-Guided Proton Therapy,10.1118/1.4957551,Europe PMC; OpenAlex,Included,"Robot controls the diagnostic sensor, viewpoint, contact, or acquisition trajectory",507
517,A8,2017,A fully autonomous data center for the space-borne hard X-ray Compton polarimeter POLAR developed at PSI,,arXiv,Excluded,"Industrial, materials, or non-clinical acquisition",
519,A8,2017,A robotic C-arm cone beam CT system for image-guided proton therapy: design and performance,10.1259/bjr.20170266,Europe PMC; OpenAlex,Included,"Robot controls the diagnostic sensor, viewpoint, contact, or acquisition trajectory",519
527,A8,2017,Imaging-guided thoracoscopic resection of a ground-glass opacity lesion in a hybrid operating room equipped with a robotic C-arm CT system,10.21037/jtd.2017.04.48,Europe PMC; OpenAlex,Included,"Robot controls the diagnostic sensor, viewpoint, contact, or acquisition trajectory",527
532,A8,2017,Minimizing adjuvant treatment after transoral robotic surgery through surgical margin revision and exclusion of radiographic extracapsular extension: A Prospective observational cohort study,10.1002/hed.24712,OpenAlex,Excluded,Robot performs an intervention; imaging sensor is not the controlled diagnostic device,
540,A8,2017,Robot-assisted Percutaneous Pedicle Screw Placement Using Three-dimensional Fluoroscopy,10.4103/0366-6999.208251,OpenAlex,Excluded,No explicit robot-controlled diagnostic acquisition geometry,
541,A8,2017,Robotic freehand SPECT Imaging,,OpenAlex,Included,"Robot controls the diagnostic sensor, viewpoint, contact, or acquisition trajectory",541
542,A8,2017,Robotic versus fluoroscopy-guided pedicle screw insertion for metastatic spinal disease: a matched-cohort comparison,10.3171/2017.3.focus1710,OpenAlex,Excluded,No explicit robot-controlled diagnostic acquisition geometry,
544,A8,2017,Spine Navigation Based on 3-Dimensional Robotic Fluoroscopy for Accurate Percutaneous Pedicle Screw Placement: A Prospective Study of 66 Consecutive Cases,10.1016/j.wneu.2017.08.149,Europe PMC; OpenAlex,Included,"Robot controls the diagnostic sensor, viewpoint, contact, or acquisition trajectory",544
546,A8,2017,Task-Driven Orbit Design and Implementation on a Robotic C-Arm System for Cone-Beam CT.,10.1117/12.2255646,Europe PMC,Included,"Robot controls the diagnostic sensor, viewpoint, contact, or acquisition trajectory",546
558,A8,2018,3D Path Planning from a Single 2D Fluoroscopic Image for Robot Assisted Fenestrated Endovascular Aortic Repair,10.1109/icra.2019.8793918,arXiv,Excluded,No explicit robot-controlled diagnostic acquisition geometry,
564,A8,2018,Accurate and Efficient Calibration of a Robotic C-Arm System Based on X-Ray Observations,,OpenAlex,Included,"Robot controls the diagnostic sensor, viewpoint, contact, or acquisition trajectory",564
568,A8,2018,COMPARISON OF ROBOTIC-ASSISTED POSTERIOR APPROACH AND FLUOROSCOPIC-GUIDED ANTERIOR APPROACH ACETABULAR CUP PLACEMENT IN THA,,OpenAlex,Excluded,No explicit robot-controlled diagnostic acquisition geometry,
574,A8,2018,Comparing Next-Generation Robotic Technology with 3-Dimensional Computed Tomography Navigation Technology for the Insertion of Posterior Pedicle Screws,10.1016/j.wneu.2018.11.190,OpenAlex,Excluded,No explicit robot-controlled diagnostic acquisition geometry,
577,A8,2018,Curved periacetabular osteotomy using intraoperative real-time 3-dimensional computed tomography with a robotic C-arm system,10.1097/md.0000000000013519,Europe PMC; OpenAlex,Included,"Robot controls the diagnostic sensor, viewpoint, contact, or acquisition trajectory",577
580,A8,2018,Feasibility and performance assessment of a practical autonomous deep space navigation system based on X-ray pulsar timing,,arXiv,Excluded,"Industrial, materials, or non-clinical acquisition",
591,A8,2018,Model-Based Calibration of a Robotic C-Arm System Using X-Ray Imaging,10.1142/s2424905x18410027,OpenAlex,Included,"Robot controls the diagnostic sensor, viewpoint, contact, or acquisition trajectory",591
601,A8,2018,Radiographic and Clinical Outcomes of Robot-Assisted Posterior Pedicle Screw Fixation: Two-Year Results from a Randomized Controlled Trial,10.3349/ymj.2018.59.3.438,OpenAlex,Excluded,Robot performs an intervention; imaging sensor is not the controlled diagnostic device,
602,A8,2018,Radiographic and histologic characterization of tongue base tissues obtained by transoral robotic surgery in patients with obstructive sleep apnea,10.1016/j.anl.2018.06.004,OpenAlex,Excluded,Robot performs an intervention; imaging sensor is not the controlled diagnostic device,
608,A8,2018,Robotic in Vivo Fluoroscopic Arthoplasty Evaulations With Normal Patient Movements,,OpenAlex,Included,"Robot controls the diagnostic sensor, viewpoint, contact, or acquisition trajectory",608
616,A8,2019,"182. Radiation exposure in posterior lumbar fusion: a comparison of CT image-guided navigation, robotic assistance and intraoperative fluoroscopy",10.1016/j.spinee.2019.05.199,OpenAlex,Excluded,No explicit robot-controlled diagnostic acquisition geometry,
617,A8,2019,3D cone-beam CT of the ankle using a novel twin robotic X-ray system: Assessment of image quality and radiation dose,10.1016/j.ejrad.2019.108659,Europe PMC; OpenAlex,Included,"Robot controls the diagnostic sensor, viewpoint, contact, or acquisition trajectory",617
619,A8,2019,A targeting method for robot-assisted percutaneous needle placement under fluoroscopy guidance,10.1080/24699322.2018.1557907,OpenAlex,Excluded,No explicit robot-controlled diagnostic acquisition geometry,
620,A8,2019,Absence of asymptomatic unruptured renal artery pseudoaneurysm on contrast-enhanced computed tomography after robot-assisted partial nephrectomy without parenchymal renorrhaphy,10.1016/j.ajur.2019.07.006,OpenAlex,Excluded,No explicit robot-controlled diagnostic acquisition geometry,
650,A8,2019,Navigated percutaneous versus open pedicle screw implantation using intraoperative CT and robotic cone-beam CT imaging,10.1007/s00586-019-06242-4,Europe PMC; OpenAlex,Excluded,No explicit robot-controlled diagnostic acquisition geometry,
659,A8,2019,Radiographic and Clinical Outcomes Following Robotic-Assisted Lateral Unicompartmental Knee Arthroplasty,10.1615/jlongtermeffmedimplants.2019030019,OpenAlex,Excluded,Robot performs an intervention; imaging sensor is not the controlled diagnostic device,
661,A8,2019,Real-time 3D Shape Instantiation for Partially-deployed Stent Segment from a Single 2D Fluoroscopic Image in Robot-assisted Fenestrated Endovascular Aortic Repair,10.1109/lra.2019.2950499,arXiv,Excluded,No explicit robot-controlled diagnostic acquisition geometry,
662,A8,2019,Robot-Assisted Versus Fluoroscopy-Guided Pedicle Screw Placement in Transforaminal Lumbar Interbody Fusion for Lumbar Degenerative Disease,10.1016/j.wneu.2019.01.097,OpenAlex,Excluded,No explicit robot-controlled diagnostic acquisition geometry,
665,A8,2019,Robotic needle insertion during computed tomography fluoroscopy–guided biopsy: prospective first-in-human feasibility trial,10.1007/s00330-019-06409-z,OpenAlex,Excluded,No explicit robot-controlled diagnostic acquisition geometry,
671,A8,2019,Safety and accuracy of robot-assisted versus fluoroscopy-assisted pedicle screw insertion in thoracolumbar spinal surgery: a prospective randomized controlled trial,10.3171/2018.10.spine18487,OpenAlex,Excluded,No explicit robot-controlled diagnostic acquisition geometry,
678,A8,2019,Treating cerebrovascular diseases in hybrid operating room equipped with a robotic angiographic fluoroscopy system: level of necessity and 5-year experiences,10.1007/s00701-018-3769-4,OpenAlex,Included,"Robot controls the diagnostic sensor, viewpoint, contact, or acquisition trajectory",678
679,A8,2019,Twin Robotic X-Ray System for 3D Cone-Beam CT of the Wrist: An Evaluation of Image Quality and Radiation Dose,10.2214/ajr.19.21911,Europe PMC; OpenAlex,Included,"Robot controls the diagnostic sensor, viewpoint, contact, or acquisition trajectory",679
685,A8,2020,3D cone-beam CT with a twin robotic x-ray system in elbow imaging: comparison of image quality to high-resolution multidetector CT,10.1186/s41747-020-00177-y,Europe PMC; OpenAlex,Included,"Robot controls the diagnostic sensor, viewpoint, contact, or acquisition trajectory",685
687,A8,2020,A Robot-Assisted Spine Surgery System Based on Intraoperative 2D Fluoroscopy Navigation,10.1109/access.2020.2979993,OpenAlex,Excluded,No explicit robot-controlled diagnostic acquisition geometry,
715,A8,2020,Evaluation of Ultra-High-Resolution Cone-Beam CT Prototype of Twin Robotic Radiography System for Cadaveric Wrist Imaging,10.1016/j.acra.2020.06.018,Europe PMC; OpenAlex,Included,"Robot controls the diagnostic sensor, viewpoint, contact, or acquisition trajectory",715
719,A8,2020,Fluoroscopy-guided robotic biopsy intervention system,10.1515/cdbme-2020-0020,OpenAlex,Excluded,No explicit robot-controlled diagnostic acquisition geometry,
723,A8,2020,In vivo 3D tomography of the lumbar spine using a twin robotic X-ray system: quantitative and qualitative evaluation of the lumbar neural foramina in supine and upright position,10.1007/s00330-020-07355-x,Europe PMC; OpenAlex,Included,"Robot controls the diagnostic sensor, viewpoint, contact, or acquisition trajectory",723
731,A8,2020,Metal-Tolerant Noncircular Orbit Design and Implementation on Robotic C-Arm Systems.,,Europe PMC,Included,"Robot controls the diagnostic sensor, viewpoint, contact, or acquisition trajectory",731
742,A8,2020,"Radiation Exposure in Posterior Lumbar Fusion: A Comparison of CT Image-Guided Navigation, Robotic Assistance, and Intraoperative Fluoroscopy",10.1177/2192568220908242,OpenAlex,Excluded,No explicit robot-controlled diagnostic acquisition geometry,
746,A8,2020,"Regarding “Radiation Exposure in Posterior Lumbar Fusion: A Comparison of CT Image-Guided Navigation, Robotic Assistance, and Intraoperative Fluoroscopy” by Wang et al",10.1177/2192568220956608,OpenAlex,Excluded,No explicit robot-controlled diagnostic acquisition geometry,
748,A8,2020,Robot-Assisted Percutaneous Pedicle Screw Placement: Evaluation of Accuracy of the First 100 Screws and Comparison with Cohort of Fluoroscopy-guided Screws,10.1016/j.wneu.2020.07.203,OpenAlex,Excluded,No explicit robot-controlled diagnostic acquisition geometry,
755,A8,2020,Robotic-Assisted versus Manually Implanted Total Hip Arthroplasty: A Clinical and Radiographic Comparison.,,OpenAlex,Excluded,No explicit robot-controlled diagnostic acquisition geometry,
757,A8,2020,Robot‐assisted fluoroscopy‐guided renal puncture for endoscopic combined intrarenal surgery: a pilot single‐centre clinical trial,10.1111/bju.15291,OpenAlex,Excluded,No explicit robot-controlled diagnostic acquisition geometry,
759,A8,2020,The experience of surgery and endovascular procedure of cerebrovascular disease in the hybrid operating room; Multi-axis robotic C-arm DSA system.,10.7461/jcen.2020.e2020.10.001,Europe PMC,Included,"Robot controls the diagnostic sensor, viewpoint, contact, or acquisition trajectory",759
763,A8,2020,Twin robotic x-ray system in small bone and joint trauma: impact of cone-beam computed tomography on treatment decisions,10.1007/s00330-020-07563-5,Europe PMC; OpenAlex,Included,"Robot controls the diagnostic sensor, viewpoint, contact, or acquisition trajectory",763
764,A8,2020,Twin-Robotic X-ray System am Handgelenk: Bildqualitätsvergleich des neuen Cone-Beam CT Prototyps mit einem Dual-Source CT-Scanner der 3. Generation,10.1055/s-0040-1703283,OpenAlex,Included,"Robot controls the diagnostic sensor, viewpoint, contact, or acquisition trajectory",764
780,A8,2021,Adoption of Robotic Arm-Assisted Total Hip Arthroplasty Results in Reliable Clinical and Radiographic Outcomes at Minimum Two-Year Follow Up,10.52198/21.sti.38.os1420,OpenAlex,Excluded,Robot performs an intervention; imaging sensor is not the controlled diagnostic device,
792,A8,2021,Comparison of Robot Versus Fluoroscopy-Assisted Pedicle Screw Instrumentation in Adolescent Idiopathic Scoliosis Surgery,10.21203/rs.3.rs-1004618/v1,OpenAlex,Excluded,No explicit robot-controlled diagnostic acquisition geometry,
793,A8,2021,Comparison of the accuracy of the cup position and orientation in total hip arthroplasty for osteoarthritis secondary to developmental dysplasia of the hip between the Mako robotic arm-assisted system and computed tomography-based navigation,10.1007/s00264-021-05015-3,OpenAlex,Excluded,No explicit robot-controlled diagnostic acquisition geometry,
796,A8,2021,Deciphering 3D Human Sphygmopalpation Pulse Patterns using “X-ray” Images Acquired from Tactile Robotic Fingers,10.1101/2021.01.10.426152,OpenAlex,Excluded,No explicit robot-controlled diagnostic acquisition geometry,
798,A8,2021,Development of a fluoroscopically guided robotic assistant for instrument placement in pelvic trauma surgery,10.1117/1.jmi.8.3.035001,OpenAlex,Excluded,No explicit robot-controlled diagnostic acquisition geometry,
801,A8,2021,Dose reduction potential in cone-beam CT imaging of upper extremity joints with a twin robotic x-ray system,10.1038/s41598-021-99748-1,Europe PMC; OpenAlex,Included,"Robot controls the diagnostic sensor, viewpoint, contact, or acquisition trajectory",801
805,A8,2021,Fluoroscopic Navigation for a Surgical Robotic System Including a Continuum Manipulator,10.1109/tbme.2021.3097631,OpenAlex,Excluded,No explicit robot-controlled diagnostic acquisition geometry,
807,A8,2021,Fusion of Technology in Cochlear Implantation Surgery: Investigation of Fluoroscopically Assisted Robotic Electrode Insertion,10.3389/fsurg.2021.741401,OpenAlex,Excluded,No explicit robot-controlled diagnostic acquisition geometry,
808,A8,2021,How I do it? Fully endoscopic rhizotomy assisted with three-dimensional robotic C-arm navigation for sacroiliac joint pain.,10.1007/s00701-020-04682-2,Europe PMC,Excluded,No explicit robot-controlled diagnostic acquisition geometry,
819,A8,2021,Knowledge-based self-calibration method of calibration phantom by and for accurate robot-based CT imaging systems,10.1016/j.knosys.2021.107343,OpenAlex,Included,"Robot controls the diagnostic sensor, viewpoint, contact, or acquisition trajectory",819
827,A8,2021,Optimized Intraoperative Imaging for Stereotactic Planning with a Multiaxial Robotic C-arm System: Technical Note and Case Series,10.1055/s-0041-1731754,Europe PMC; OpenAlex,Included,"Robot controls the diagnostic sensor, viewpoint, contact, or acquisition trajectory",827
828,A8,2021,PD41-01 ROBOTIC-ASSISTED FLUOROSCOPIC-GUIDED RENAL PUNCTURE HAS COMPARABLE SURGICAL OUTCOMES WITH ULTRASOUND-GUIDED IN ENDOSCOPIC COMBINED INTRARENAL SURGERY: A RANDOMIZED CONTROLLED TRIAL,10.1097/ju.0000000000002051.01,OpenAlex,Excluded,No explicit robot-controlled diagnostic acquisition geometry,
835,A8,2021,Robotic Assistance System for Cone-Beam Computed Tomography-Guided Percutaneous Needle Placement,10.1007/s00270-021-02938-7,OpenAlex,Excluded,No explicit robot-controlled diagnostic acquisition geometry,
841,A8,2021,Robotic-Navigated Percutaneous Pedicle Screw Placement Has Less Facet Joint Violation Than Fluoroscopy-Guided Percutaneous Screws,10.1016/j.wneu.2021.04.117,OpenAlex,Excluded,No explicit robot-controlled diagnostic acquisition geometry,
850,A8,2021,Task-Specific Trajectory Optimisation for Twin-Robotic X-Ray Tomography,10.1109/tci.2021.3102824,OpenAlex,Included,"Robot controls the diagnostic sensor, viewpoint, contact, or acquisition trajectory",850
854,A8,2021,The effect of tin prefiltration on extremity cone-beam CT imaging with a twin robotic X-ray system,10.1016/j.radi.2021.10.009,Europe PMC; OpenAlex,Included,"Robot controls the diagnostic sensor, viewpoint, contact, or acquisition trajectory",854
869,A8,2021,Visualization of extracranial-intracranial bypass in moyamoya patients using intraoperative three-dimensional digital subtraction angiography with intravenous contrast injection and robotic C-arm: patient series,10.3171/case2057,Europe PMC; OpenAlex,Included,"Robot controls the diagnostic sensor, viewpoint, contact, or acquisition trajectory",869
883,A8,2022,Accuracy and Safety of Robot‐Assisted versus Fluoroscopy‐Guided Posterior C1 Lateral Mass and C2 Pedicle Screw Internal Fixation for Atlantoaxial Dislocation: A Preliminary Study,10.1155/2022/8508113,OpenAlex,Excluded,No explicit robot-controlled diagnostic acquisition geometry,
892,A8,2022,AutoCOR: Autonomous Condylar Offset Ratio Calculator on TKA-Postoperative Lateral Knee X-ray,,arXiv,Excluded,No explicit robot-controlled diagnostic acquisition geometry,
894,A8,2022,Autonomous atomic Hamiltonian construction and active sampling of x-ray absorption spectroscopy by adversarial Bayesian optimization,,arXiv,Excluded,No explicit robot-controlled diagnostic acquisition geometry,
896,A8,2022,COMBINING REAL-TIME 3-D IMAGING AND AUGMENTED FLUOROSCOPY WITH ROBOTIC BRONCHOSCOPY FOR THE DIAGNOSIS OF PERIPHERAL LUNG NODULES,10.1016/j.chest.2022.08.1720,OpenAlex,Excluded,Robot performs an intervention; imaging sensor is not the controlled diagnostic device,
901,A8,2022,CT-to-fluoroscopy registration versus scan-and-plan registration for robot-assisted insertion of lumbar pedicle screws,10.3171/2021.10.focus21506,OpenAlex,Excluded,No explicit robot-controlled diagnostic acquisition geometry,
910,A8,2022,Comparison of robot-assisted versus fluoroscopy-assisted minimally invasive transforaminal lumbar interbody fusion for degenerative lumbar spinal diseases: 2-year follow-up,10.1007/s11701-022-01442-5,OpenAlex,Excluded,No explicit robot-controlled diagnostic acquisition geometry,
911,A8,2022,Comparison of serum inflammatory indicators and radiographic results in MAKO robotic-assisted versus conventional total knee arthroplasty for knee osteoarthritis: a retrospective study of Chinese patients,10.1186/s12891-022-05373-y,OpenAlex,Excluded,Robot performs an intervention; imaging sensor is not the controlled diagnostic device,
912,A8,2022,Cone-Beam CT-Guided Transarterial Tagging of Endophytic Renal Tumors with Indocyanine Green for Robot-Assisted Partial Nephrectomy,10.1016/j.jvir.2022.04.016,OpenAlex,Excluded,No explicit robot-controlled diagnostic acquisition geometry,
915,A8,2022,Design and construction of a wireless robot that simulates head movements in cone beam computed tomography imaging,10.1017/s0263574722001072,OpenAlex,Excluded,No explicit robot-controlled diagnostic acquisition geometry,
920,A8,2022,Dosisreduktionspotenzial bei der Cone-Beam-CT-Bildgebung von Gelenken der oberen Extremität mit einem Twin Robotic X-ray System,10.1055/s-0042-1749926,OpenAlex,Included,"Robot controls the diagnostic sensor, viewpoint, contact, or acquisition trajectory",920
923,A8,2022,Early Clinical and Radiographic Outcomes of Robot‐Assisted Versus Conventional Manual Total Knee Arthroplasty: A Randomized Controlled Study,10.1111/os.13323,OpenAlex,Excluded,Robot performs an intervention; imaging sensor is not the controlled diagnostic device,
928,A8,2022,Fluoroscopy-Guided Robotic System for Transforaminal Lumbar Epidural Injections,10.1109/tmrb.2022.3196321,OpenAlex,Excluded,No explicit robot-controlled diagnostic acquisition geometry,
941,A8,2022,MP44-19 PCNL USING ZEEGO ROBOTIC HYBRID SYSTEM HAS LOWER EFFECTIVE RADIATION DOSE THAN PCNL USING STANDARD FLUOROSCOPY,10.1097/ju.0000000000002610.19,OpenAlex,Included,"Robot controls the diagnostic sensor, viewpoint, contact, or acquisition trajectory",941
944,A8,2022,Metal artifact reduction in ultra-high-resolution cone-beam CT imaging with a twin robotic X-ray system,10.1038/s41598-022-19978-9,Europe PMC; OpenAlex,Included,"Robot controls the diagnostic sensor, viewpoint, contact, or acquisition trajectory",944
946,A8,2022,Mixed reality interfaces for achieving desired views with robotic X-ray systems,10.1080/21681163.2022.2154272,Europe PMC; OpenAlex,Included,"Robot controls the diagnostic sensor, viewpoint, contact, or acquisition trajectory",946
949,A8,2022,Non-circular CBCT orbit design and realization on a clinical robotic C-arm for metal artifact reduction.,10.1117/12.2612448,Europe PMC,Included,"Robot controls the diagnostic sensor, viewpoint, contact, or acquisition trajectory",949
952,A8,2022,PD55-12 ULTRA-LOW DOSE INTRAOPERATIVE CT CONFIRMS STONE-FREE STATUS DURING PCNL USING ROBOTIC FLUOROSCOPY PLATFORM: A PROSPECTIVE QUALITY IMPROVEMENT STUDY,10.1097/ju.0000000000002635.12,OpenAlex,Included,"Robot controls the diagnostic sensor, viewpoint, contact, or acquisition trajectory",952
959,A8,2022,Reference free method for robot CT imaging geometry estimation,10.1016/j.precisioneng.2022.07.005,OpenAlex,Included,"Robot controls the diagnostic sensor, viewpoint, contact, or acquisition trajectory",959
960,A8,2022,Robot-Assisted Pedicle Screw Placement Led to Lower Screw Loosening Rate than Fluoroscopy-Guided Technique in Transforaminal Lumbar Interbody Fusion for Lumbar Degenerative Disease: A Single-Center Retrospective Study,10.3390/jcm11174989,OpenAlex,Excluded,Robot performs an intervention; imaging sensor is not the controlled diagnostic device,
964,A8,2022,Robotic Computed Tomography-Guided Celiac Plexus Neurolysis: Our Experience of Technique and Outcomes,10.2217/pmt-2021-0092,Europe PMC; OpenAlex,Excluded,No explicit robot-controlled diagnostic acquisition geometry,
969,A8,2022,"Screw Insertion Time, Fluoroscopy Time, and Operation Time for Robotic-Assisted Lumbar Pedicle Screw Placement Compared With Freehand Technique",10.7759/cureus.25039,OpenAlex,Excluded,No explicit robot-controlled diagnostic acquisition geometry,
971,A8,2022,Size selection and placement of pedicle screws using robot-assisted versus fluoroscopy-guided techniques for thoracolumbar fractures: possible implications for the screw loosening rate,10.1186/s12893-022-01814-6,OpenAlex,Excluded,No explicit robot-controlled diagnostic acquisition geometry,
972,A8,2022,Static coded aperture in robotic X-ray tomography systems,10.1364/oe.449505,Europe PMC; OpenAlex,Included,"Robot controls the diagnostic sensor, viewpoint, contact, or acquisition trajectory",972
978,A8,2022,The efficacy of “TiRobot”orthopaedic robot-assisted VS conventional fluoroscopic percutaneous screw fixation of the sacroiliac joint,10.1007/s00264-022-05655-z,OpenAlex,Excluded,No explicit robot-controlled diagnostic acquisition geometry,
982,A8,2022,Trabecular bone microstructure analysis on data from a novel twin robotic X-ray device,10.1177/02841851221134973,Europe PMC; OpenAlex,Included,"Robot controls the diagnostic sensor, viewpoint, contact, or acquisition trajectory",982
983,A8,2022,Twin Robotic Gantry-Free Cone-Beam CT in Acute Elbow Trauma,10.1148/radiol.221200,Europe PMC; OpenAlex,Included,"Robot controls the diagnostic sensor, viewpoint, contact, or acquisition trajectory",983
984,A8,2022,Two-dimensional C-arm robotic navigation system (i-Navi) in spine surgery: a pilot study,10.1007/s11548-022-02751-8,OpenAlex,Excluded,No explicit robot-controlled diagnostic acquisition geometry,
994,A8,2022,"Workflow and performance of intraoperative CT, cone-beam CT, and robotic cone-beam CT for spinal navigation in 503 consecutive patients",10.3171/2021.10.focus21467,Europe PMC; OpenAlex,Included,"Robot controls the diagnostic sensor, viewpoint, contact, or acquisition trajectory",994
1008,A8,2023,An autonomous X-ray image acquisition and interpretation system for assisting percutaneous pelvic fracture fixation,10.1007/s11548-023-02941-y,Europe PMC; OpenAlex,Included,"Robot controls the diagnostic sensor, viewpoint, contact, or acquisition trajectory",1008
1021,A8,2023,"Beschreibung und Vergleich von Workflow und Performance des intraoperativen CTs, Cone Beam CTs und robotischen Cone Beam CTs im Kontext der spinalen Navigation = Description and comparison of workflow and performance of intraoperative CT, cone-beam CT and robotic cone-beam CT in the context of spinal navigation",,OpenAlex,Excluded,No explicit robot-controlled diagnostic acquisition geometry,
1030,A8,2023,Comparison in radiographic outcomes between robotic-assisted cruciate- retaining and posterior-stabilized total knee arthroplasty: a prospective randomized controlled study,10.21203/rs.3.rs-3419415/v1,OpenAlex,Excluded,Robot performs an intervention; imaging sensor is not the controlled diagnostic device,
1031,A8,2023,Comparison of Radiographic and Patient-Reported Outcomes After Surgery in Adolescent Idiopathic Scoliosis Between Robotics and Navigation: An Analysis Using Propensity Score Matching,10.7759/cureus.49061,OpenAlex,Excluded,Robot performs an intervention; imaging sensor is not the controlled diagnostic device,
1033,A8,2023,Comparison of robot versus fluoroscopy-assisted pedicle screw instrumentation in adolescent idiopathic scoliosis surgery: A Meta- Analysis,10.21203/rs.3.rs-3329364/v1,OpenAlex,Excluded,No explicit robot-controlled diagnostic acquisition geometry,
1034,A8,2023,Comparison of robot versus fluoroscopy-assisted pedicle screw instrumentation in adolescent idiopathic scoliosis surgery: A retrospective study,10.3389/fsurg.2022.1085580,OpenAlex,Excluded,No explicit robot-controlled diagnostic acquisition geometry,
1040,A8,2023,EFFECT OF ELECTROMAGNETIC VS SHAPE SENSING ROBOTIC NAVIGATION WITH 2D FLUOROSCOPY AND CONE BEAM CT ON DIAGNOSTIC YIELD OF BRONCHOSCOPIC BIOPSY OF LUNG NODULES: A THREE ARM STUDY,10.1016/j.chest.2023.07.3442,OpenAlex,Excluded,No explicit robot-controlled diagnostic acquisition geometry,
1055,A8,2023,Improved accuracy of a novel fluoroscopy-based robotically assisted THA system compared to manual THA,10.1007/s11701-023-01623-w,OpenAlex,Excluded,No explicit robot-controlled diagnostic acquisition geometry,
1060,A8,2023,Joint line position change in primary total knee arthroplasty: a radiographic analysis comparing conventional and robotic techniques,10.1007/s00264-023-06031-1,OpenAlex,Excluded,No explicit robot-controlled diagnostic acquisition geometry,
1065,A8,2023,Low Radiation Protocol for Intraoperative Robotic C-Arm Can Enhance Adolescent Idiopathic Scoliosis Deformity Correction Accuracy and Safety,10.1177/21925682221147867,Europe PMC; OpenAlex,Included,"Robot controls the diagnostic sensor, viewpoint, contact, or acquisition trajectory",1065
1067,A8,2023,MAKO robot-assisted total knee arthroplasty cannot reduce the aggravation of ankle varus incongruence after genu varus correction ≥ 10°: a radiographic assessment,10.1186/s12891-023-06597-2,OpenAlex,Excluded,Robot performs an intervention; imaging sensor is not the controlled diagnostic device,
1070,A8,2023,MP42-06 ASSESSING THE ACCURACY OF PREOPERATIVE RADIOGRAPHIC IMAGING IN DETERMINING URETERAL STRICTURE LENGTH AT TIME OF ROBOTIC URETERAL RECONSTRUCTION,10.1097/ju.0000000000003280.06,OpenAlex,Excluded,No explicit robot-controlled diagnostic acquisition geometry,
1076,A8,2023,"Mid-Term Survivorship, Radiographic and Functional Outcomes of Robotic-Assisted Unicompartmental Knee Arthroplasty",10.52198/23.sti.42.os1660,OpenAlex,Excluded,Robot performs an intervention; imaging sensor is not the controlled diagnostic device,
1078,A8,2023,"Modular, Multi-Robot Integration of Laboratories: An Autonomous Solid-State Workflow for Powder X-Ray Diffraction",,arXiv,Excluded,"Industrial, materials, or non-clinical acquisition",
1089,A8,2023,Patient-reported and radiographic outcomes of a porous-coated acetabular cup in robotic assisted total hip arthroplasty at 2-year follow up,10.1016/j.jor.2023.10.003,OpenAlex,Excluded,Robot performs an intervention; imaging sensor is not the controlled diagnostic device,
1092,A8,2023,Postoperative full leg radiographs exhibit less residual coronal varus deformity compared to intraoperative measurements in robotic arm‐assisted total knee arthroplasty with the MAKO™ system,10.1007/s00167-023-07386-z,OpenAlex,Excluded,No explicit robot-controlled diagnostic acquisition geometry,
1098,A8,2023,Radiographic Outcomes of Robot-Assisted Versus Conventional Total Knee Arthroplasty,10.2106/jbjs.oa.23.00010,OpenAlex,Excluded,Robot performs an intervention; imaging sensor is not the controlled diagnostic device,
1099,A8,2023,Real-Time Pose Tracking for a Continuum Guidewire Robot Under Fluoroscopic Imaging,10.1109/tmrb.2023.3260273,OpenAlex,Excluded,No explicit robot-controlled diagnostic acquisition geometry,
1100,A8,2023,Real-World Performance of Autonomously Reporting Normal Chest Radiographs in NHS Trusts Using a Deep-Learning Algorithm on the GP Pathway,,arXiv,Excluded,No explicit robot-controlled diagnostic acquisition geometry,
1114,A8,2023,Runtime optimization of acquisition trajectories for X-ray computed tomography with a robotic sample holder,,arXiv,Excluded,"Industrial, materials, or non-clinical acquisition",
1133,A8,2023,USE OF THE NOVEL 1.1 MM CRYOPROBE AND CONE BEAM COMPUTED TOMOGRAPHY-GUIDED ROBOTIC BRONCHOSCOPY INCREASED DIAGNOSTIC YIELD FROM SUBCENTIMETRIC PERIPEHRAL NODULES,10.1016/j.chest.2023.07.3526,OpenAlex,Excluded,Robot performs an intervention; imaging sensor is not the controlled diagnostic device,
1134,A8,2023,Use of robotic C-arm cone-beam computed tomography in surgical stabilization of rib fractures.,10.1016/j.injury.2023.111087,Europe PMC,Included,"Robot controls the diagnostic sensor, viewpoint, contact, or acquisition trajectory",1134
1153,A8,2024,Accuracy and Clinical Outcomes of Fluoroscopy-Guided and Robotic-Assisted Percutaneous Pedicle Screw Fixation Performed by a Single Surgeon at a Single Center,10.21182/jmisst.2024.01172,OpenAlex,Excluded,No explicit robot-controlled diagnostic acquisition geometry,
1154,A8,2024,Accuracy of robotic arm-assisted versus computed tomography-based navigation in total hip arthroplasty using the direct anterior approach: a retrospective study,10.1186/s12891-024-07891-3,OpenAlex,Excluded,No explicit robot-controlled diagnostic acquisition geometry,
1156,A8,2024,Accurate puncture of targets in the lower lung lobes with respiratory motion using a teleoperated robotic system and low-dose computed tomography fluoroscopy: an experimental animal study,10.21037/qims-24-843,OpenAlex,Excluded,No explicit robot-controlled diagnostic acquisition geometry,
1159,A8,2024,Analytical Inverse Kinematics for a Prismatic-Revolute Hybrid Joints Radiography Robot Mounted on the Ambulance,10.1109/tmech.2024.3442782,OpenAlex,Included,"Robot controls the diagnostic sensor, viewpoint, contact, or acquisition trajectory",1159
1179,A8,2024,Comment: how do I do it? Real-time three-dimensional robotic C-arm navigation for ventriculoperitoneal shunting.,10.1007/s00701-024-06367-6,Europe PMC,Excluded,Non-primary publication (review/comment/letter/erratum),
1185,A8,2024,Computed tomography measurements to predict need for robotic transversus abdominis release: a single institution analysis,10.1007/s10029-024-03007-x,OpenAlex,Excluded,No explicit robot-controlled diagnostic acquisition geometry,
1195,A8,2024,Early Radiographic and Clinical Outcomes of Robotic‐arm‐assisted <scp><i>versus</i></scp> Conventional Total Knee Arthroplasty: A Multicenter Randomized Controlled Trial,10.1111/os.14196,OpenAlex,Excluded,Robot performs an intervention; imaging sensor is not the controlled diagnostic device,
1208,A8,2024,Fluoroscopy and Cone Beam CT Guidance in Robotic Interventions,10.1016/j.tvir.2024.101007,OpenAlex,Excluded,No explicit robot-controlled diagnostic acquisition geometry,
1213,A8,2024,How do I do it? Real-time three-dimensional robotic C-arm navigation for ventriculoperitoneal shunting.,10.1007/s00701-024-06224-6,Europe PMC,Excluded,No explicit robot-controlled diagnostic acquisition geometry,
1215,A8,2024,Improved radiographic outcomes and decreased complications rate on the femoral side can be achieved by a novel designed whole-process robotic assisted hip system for total hip arthroplasty: a prospective randomized controlled trial,10.1007/s11701-024-01835-8,OpenAlex,Excluded,Robot performs an intervention; imaging sensor is not the controlled diagnostic device,
1217,A8,2024,Integration of a lightweight and table-mounted robotic alignment tool with automated patient-to-image registration using robotic cone-beam CT for intracranial biopsies and stereotactic electroencephalography,10.3171/2024.9.focus24525,Europe PMC; OpenAlex,Included,"Robot controls the diagnostic sensor, viewpoint, contact, or acquisition trajectory",1217
1218,A8,2024,Intelligent control of robotic X-ray devices using a language-promptable digital twin,10.1007/s11548-025-03351-y,Europe PMC; OpenAlex; arXiv,Included,"Robot controls the diagnostic sensor, viewpoint, contact, or acquisition trajectory",1218
1220,A8,2024,Investigating 4D respiratory cone-beam CT imaging for thoracic interventions on robotic C-arm systems: a deformable phantom study,10.1007/s13246-024-01491-0,Europe PMC; OpenAlex,Included,"Robot controls the diagnostic sensor, viewpoint, contact, or acquisition trajectory",1220
1239,A8,2024,PD22-06 EVALUATING THE EFFICACY OF ROBOT-ASSISTED FLUOROSCOPIC RENAL PUNCTURE IN THE SUPINE POSITION: A GLOBAL MULTICENTER FIRST-IN-HUMAN TRIAL,10.1097/01.ju.0001009504.18450.e0.06,OpenAlex,Excluded,No explicit robot-controlled diagnostic acquisition geometry,
1245,A8,2024,Radiation Exposure and Safety Considerations in Interventional Radiology: Comparison of a Twin Robotic X-ray System to a Conventional Angiography System,10.3390/jcm13102732,Europe PMC; OpenAlex,Included,"Robot controls the diagnostic sensor, viewpoint, contact, or acquisition trajectory",1245
1246,A8,2024,Radiographic and clinical outcomes of robot-assisted pedicle screw instrumentation for adolescent idiopathic scoliosis,10.3389/fsurg.2024.1344802,OpenAlex,Excluded,Robot performs an intervention; imaging sensor is not the controlled diagnostic device,
1247,A8,2024,Radiographic evaluation of robot-assisted versus manual total hip arthroplasty: a multicenter randomized controlled trial,10.1186/s10195-024-00773-3,OpenAlex,Excluded,Robot performs an intervention; imaging sensor is not the controlled diagnostic device,
1252,A8,2024,Robot-Assisted 2D Fluoroscopic Needle Placement—A Phantom Study,10.3390/diagnostics14161723,OpenAlex,Excluded,No explicit robot-controlled diagnostic acquisition geometry,
1257,A8,2024,"Robotic Arm–Assisted System Improved Accuracy of Cup Position and Orientation in Cementless Total Hip Arthroplasty for Dysplastic Hips: A Comparison Among Groups With Manual Placement, Computed Tomography–Based Navigation, and Robotic Surgery",10.1016/j.artd.2024.101461,OpenAlex,Excluded,Robot performs an intervention; imaging sensor is not the controlled diagnostic device,
1264,A8,2024,Robotic-assisted Total Knee Arthroplasty Reduces Radiographic Outliers for Low-volume Total Knee Arthroplasty Surgeons,10.1016/j.artd.2023.101303,OpenAlex,Excluded,No explicit robot-controlled diagnostic acquisition geometry,
1275,A8,2024,Take a shot! Natural language control of intelligent robotic X-ray systems in surgery,10.1007/s11548-024-03120-3,Europe PMC; OpenAlex,Included,"Robot controls the diagnostic sensor, viewpoint, contact, or acquisition trajectory",1275
1287,A8,2024,Three-Dimensional Fluoroscopic System to Assess Robotically Placed Pedicle Screws,10.1097/bsd.0000000000001724,OpenAlex,Excluded,No explicit robot-controlled diagnostic acquisition geometry,
1288,A8,2024,Tomosynthesis of the Appendicular Skeleton on a Twin Robotic X-ray System: A Cadaveric Fracture Study,10.1016/j.acra.2024.02.020,Europe PMC; OpenAlex,Included,"Robot controls the diagnostic sensor, viewpoint, contact, or acquisition trajectory",1288
1293,A8,2024,Unveiling the Full Picture: Advanced Scanning Procedure for Complete Large Component Scans via Twin Robotic Computed Tomography,10.58286/29260,OpenAlex,Excluded,"Industrial, materials, or non-clinical acquisition",
1295,A8,2024,Use of a fluoroscopy‐based robotic‐assisted total hip arthroplasty system resulted in greater improvements in hip‐specific outcome measures at one‐year compared to a CT‐based robotic‐assisted system,10.1002/rcs.2650,OpenAlex,Excluded,No explicit robot-controlled diagnostic acquisition geometry,
1297,A8,2024,Valgus stress knee radiographs accurately anticipate the bone resection in medial unicompartmental knee arthroplasty: Protocol validation using an image‐based robotic system,10.1002/ksa.12322,OpenAlex,Excluded,No explicit robot-controlled diagnostic acquisition geometry,
1302,A8,2024,X-ray fluoroscopy guided localization and steering of miniature robots using virtual reality enhancement,10.3389/frobt.2024.1495445,OpenAlex,Excluded,No explicit robot-controlled diagnostic acquisition geometry,
1305,A8,2025,3D Path Planning for Robot-assisted Vertebroplasty from Arbitrary Bi-plane X-ray via Differentiable Rendering,,arXiv,Excluded,No explicit robot-controlled diagnostic acquisition geometry,
1309,A8,2025,98. Robotic- and computer-assisted navigation in PSF for idiopathic scoliosis increase total radiation exposure for the patient but reduce intraoperative fluoroscopy time compared to freehand technique,10.1016/j.spinee.2025.08.281,OpenAlex,Excluded,No explicit robot-controlled diagnostic acquisition geometry,
1322,A8,2025,Accuracy and reproducibility of a single‐pose image‐to‐robot registration method for mobile C‐arm cone beam CT guided histotripsy,10.1002/acm2.70132,OpenAlex,Excluded,No explicit robot-controlled diagnostic acquisition geometry,
1328,A8,2025,Agreement of Coronal Limb Alignment Measures in Total Knee Arthroplasty: Comparative Analysis of Radiographic and Robotic Measurement in a Retrospective Cohort,10.60118/001c.132267,OpenAlex,Excluded,Robot performs an intervention; imaging sensor is not the controlled diagnostic device,
1329,A8,2025,An Autonomous Fluoroscopic Imaging System for Catheter Insertions by Bilateral Control Scheme: A Numerical Simulation Study,10.3390/machines13060498,OpenAlex,Included,"Robot controls the diagnostic sensor, viewpoint, contact, or acquisition trajectory",1329
1338,A8,2025,Assessing the accuracy of preoperative radiographic imaging in determining ureteral stricture length at the time of robotic ureteral reconstruction,10.4103/ijru.ijru_1_25,OpenAlex,Excluded,No explicit robot-controlled diagnostic acquisition geometry,
1341,A8,2025,Autonomous AI for Multi-Pathology Detection in Chest X-Rays: A Multi-Site Study in the Indian Healthcare System,,arXiv,Excluded,No explicit robot-controlled diagnostic acquisition geometry,
1343,A8,2025,Autonomous Reporting of Normal Chest X-rays by Artificial Intelligence in the United Kingdom. Can We Take the Human Out of the Loop?,,arXiv,Excluded,No explicit robot-controlled diagnostic acquisition geometry,
1345,A8,2025,Autonomous X-ray Fluorescence Mapping of Chemically Heterogeneous Systems via a Correlative Feature Detection Framework,,arXiv,Excluded,"Industrial, materials, or non-clinical acquisition",
1356,A8,2025,Clinical and radiographic comparison of robot-assisted single-position versus traditional dual-position lateral lumbar interbody fusion,10.3171/2024.10.spine24808,OpenAlex,Excluded,No explicit robot-controlled diagnostic acquisition geometry,
1358,A8,2025,Clinical experiences with robotic computed tomography-guided interventions: A comparison with manual technique,10.71152/ajms.v16i2.4375,OpenAlex,Excluded,No explicit robot-controlled diagnostic acquisition geometry,
1364,A8,2025,"Comparative analysis of the pedicle screw accuracy, screw revision and loosening rate and radiation exposure of robotic-guided (RG), intraoperative computed tomography (iCT)-navigation guided, and fluoroscopy guided placement technique",10.1016/j.bas.2025.105899,OpenAlex,Excluded,No explicit robot-controlled diagnostic acquisition geometry,
1369,A8,2025,Computed Tomography-Based Robotics Are More Accurate than Manual Instruments in Achieving Sagittal Alignment Targets in Total Knee Arthroplasty,10.1016/j.arth.2025.02.028,OpenAlex,Excluded,No explicit robot-controlled diagnostic acquisition geometry,
1378,A8,2025,Development of a Single-arm Robotic Computed Tomography System,10.7779/jksnt.2025.45.2.136,OpenAlex,Excluded,No explicit robot-controlled diagnostic acquisition geometry,
1382,A8,2025,Direct lateral vs. posterior-lateral approach in robotic-assisted total hip arthroplasty: clinical and radiographic comparison,10.1007/s00402-025-05911-y,OpenAlex,Excluded,No explicit robot-controlled diagnostic acquisition geometry,
1392,A8,2025,"Efficacy of a novel, fluoroscopy-based robotic-assisted total hip arthroplasty system in restoring limb length and offset",10.1007/s00402-024-05648-0,OpenAlex,Excluded,No explicit robot-controlled diagnostic acquisition geometry,
1407,A8,2025,Feasibility of synthetic CT images for robotic pedicle screw planning and navigation,10.1007/s00586-025-09568-4,OpenAlex,Excluded,No explicit robot-controlled diagnostic acquisition geometry,
1409,A8,2025,Femoral and Patellar Radiographic Metrics Are Improved With Robotic-Assisted Total Knee Arthroplasty,10.1016/j.artd.2025.101838,OpenAlex,Excluded,No explicit robot-controlled diagnostic acquisition geometry,
1420,A8,2025,Geometric Calibration of a 12-Axis Robotic X-Ray System for Large Animal Diagnostic Imaging,10.3390/app152212089,OpenAlex,Included,"Robot controls the diagnostic sensor, viewpoint, contact, or acquisition trajectory",1420
1425,A8,2025,Imageless and image‐based robotic‐assisted total knee arthroplasty achieve equivalent radiographic accuracy: A randomised controlled trial,10.1002/ksa.70123,OpenAlex,Excluded,No explicit robot-controlled diagnostic acquisition geometry,
1427,A8,2025,Impact of Intraoperative C-arm 3D Imaging on the Diagnostic Yield of Robotic Shape-Sensing Navigation Transbronchial Biopsy,10.1016/j.atssr.2025.01.018,OpenAlex,Excluded,No explicit robot-controlled diagnostic acquisition geometry,
1430,A8,2025,In vitro evaluation of six intraoral scanners for cone beam computed tomography data registration in robotic-assisted implant surgery: Impact of scanning experience,10.1016/j.jdent.2025.105684,OpenAlex,Excluded,No explicit robot-controlled diagnostic acquisition geometry,
1435,A8,2025,Investigating Robot Control Policy Learning for Autonomous X-ray-guided Spine Procedures,10.1007/s11548-026-03716-x,arXiv,Excluded,No explicit robot-controlled diagnostic acquisition geometry,
1447,A8,2025,Patient Shielding in Ultra-High-Resolution Cone-Beam CT of the Upper Extremity with a Twin Robotic X-Ray System,10.3390/diagnostics15050596,Europe PMC; OpenAlex,Included,"Robot controls the diagnostic sensor, viewpoint, contact, or acquisition trajectory",1447
1457,A8,2025,ROBOTIC IMAGE-INTEGRATED NAVIGATIONAL BRONCHOSCOPIC ASSESSMENT OF DIGITAL TOMOSYNTHESIS AND AUGMENTED FLUOROSCOPY: ACCURACY AS CONFIRMED BY CONEBEAM COMPUTER TOMOGRAPHY,10.1016/j.chest.2025.09.115,OpenAlex,Excluded,No explicit robot-controlled diagnostic acquisition geometry,
1464,A8,2025,Reconstruction of a 3D Real-World Coordinate System and a Vascular Map from Two 2D X-Ray Pixel Images for Operation of Magnetic Medical Robots,10.3390/app15116089,OpenAlex,Excluded,No explicit robot-controlled diagnostic acquisition geometry,
1467,A8,2025,Respiratory Motion Compensation and Haptic Feedback for X-ray-Guided Teleoperated Robotic Needle Insertion,10.1109/biorob60516.2024.10719967,arXiv,Excluded,No explicit robot-controlled diagnostic acquisition geometry,
1474,A8,2025,Robot-assisted versus fluoroscopy-assisted kyphoplasty in treatment of severe osteoporotic vertebral compression fractures in the old patients: a retrospective study,10.1186/s12891-025-08564-5,OpenAlex,Excluded,No explicit robot-controlled diagnostic acquisition geometry,
1475,A8,2025,Robotic Assistance in Simultaneous Bilateral Medial Unicompartmental Knee Arthroplasty: A Retrospective Cohort Study of 126 Knees Demonstrating Enhanced Radiographic Accuracy and Comparable Safety to Conventional Methods,10.1016/j.artd.2024.101594,OpenAlex,Excluded,No explicit robot-controlled diagnostic acquisition geometry,
1476,A8,2025,Robotic Assistance is Associated With No Intraoperative Fluoroscopy or Radiation Exposure During Direct Anterior Total Hip Arthroplasty,10.1016/j.artd.2025.101617,OpenAlex,Excluded,No explicit robot-controlled diagnostic acquisition geometry,
1504,A8,2025,Safer fluoroscopy guided femoral access using a passive robotic support with a 3D printed needle and guidewire inserter,10.1007/s11701-025-02895-0,OpenAlex,Excluded,No explicit robot-controlled diagnostic acquisition geometry,
1515,A8,2025,The Additional Accuracy Gained by Cone Beam CT in Shape-Sensing Robotic Bronchoscopy,10.1016/j.chpulm.2025.100203,OpenAlex,Excluded,Robot performs an intervention; imaging sensor is not the controlled diagnostic device,
1517,A8,2025,The Early Clinical and Radiographic Outcomes of Robotic-Assisted Midline Lumbar Interbody Fusion (MIDLIF) With Expandable Interbody Spacers: A Case Series,10.7759/cureus.82802,OpenAlex,Excluded,Robot performs an intervention; imaging sensor is not the controlled diagnostic device,
1520,A8,2025,The Role of Computed Tomography in Achieving True External Rotation in Robotic Knee Replacement: A Retrospective Analysis of 300 Knees,10.13107/jocr.2025.v15.i02.5304,OpenAlex,Excluded,No explicit robot-controlled diagnostic acquisition geometry,
1538,A8,2025,Visual Localization for Robotic Bronchoscopy With Transferred Domain: A Fluoroscopy Validation,10.1109/tim.2025.3644537,OpenAlex,Excluded,Robot performs an intervention; imaging sensor is not the controlled diagnostic device,
1542,A8,2025,X-Ray Image Generation for Robotic Radiography: A Case Study on Motion Blur in Drone-Based Wind Turbine Inspections,10.2139/ssrn.5139505,OpenAlex,Excluded,No explicit robot-controlled diagnostic acquisition geometry,
1549,A8,2026,A comparative study of O-arm navigation-assisted OLIF 360 versus traditional OLIF combined with Mazor Renaissance robot-assisted posterior fixation for single-level lumbar spondylolisthesis: clinical and radiographic outcomes,10.1186/s13018-026-07068-9,OpenAlex,Excluded,Robot performs an intervention; imaging sensor is not the controlled diagnostic device,
1550,A8,2026,A comparative study of clinical and radiographic outcomes in total knee arthroplasty assisted by the CT-free Smith &amp; Nephew CORI robotic system versus the Brainlab Knee3 navigation system,10.1007/s11701-026-03198-8,OpenAlex,Excluded,Robot performs an intervention; imaging sensor is not the controlled diagnostic device,
1552,A8,2026,A synergistic framework for geometric calibration and reconstruction in dual‐arm robotic cone‐beam computed tomography,10.1002/mp.70558,OpenAlex,Included,"Robot controls the diagnostic sensor, viewpoint, contact, or acquisition trajectory",1552
1565,A8,2026,"Agreement between planned, robot-validated, and postoperative radiographic posterior tibial slope in ROSA-assisted total knee arthroplasty",10.1097/md.0000000000049767,OpenAlex,Excluded,No explicit robot-controlled diagnostic acquisition geometry,
1574,A8,2026,Autonomous Skeletal Landmark Localization towards Agentic C-Arm Control,10.1007/s11548-026-03632-0,arXiv,Included,"Robot controls the diagnostic sensor, viewpoint, contact, or acquisition trajectory",1574
1593,A8,2026,C77-47 The Impact Of Recovery Achievement On The Value Of Post-tube Chest X-ray After Chest Tube Removal Following Robotic Lung Resection,10.1093/ajrccm/aamag286.218,OpenAlex,Excluded,No explicit robot-controlled diagnostic acquisition geometry,
1600,A8,2026,Clinical and radiographic outcomes of ROSA robotic-assisted total knee arthroplasty: a retrospective comparison of anatomic (persona) versus symmetric (vanguard) implant designs,10.1007/s11701-026-03705-x,OpenAlex,Excluded,Robot performs an intervention; imaging sensor is not the controlled diagnostic device,
1601,A8,2026,"Clinical, radiographic, and patient-reported outcomes of robotic-assisted versus static computer-assisted implant surgery: a retrospective comparative study",10.1186/s12903-025-07536-4,OpenAlex,Excluded,No explicit robot-controlled diagnostic acquisition geometry,
1607,A8,2026,Comparing cup implantation errors in total hip arthroplasty following rotational acetabular osteotomy: computed tomography-based navigation versus robotic arm-assisted system,10.1186/s12891-026-09508-3,OpenAlex,Excluded,No explicit robot-controlled diagnostic acquisition geometry,
1608,A8,2026,Comparison of Radiographic and Patient-Reported Outcomes in Robotic-Assisted Versus Manual Total Knee Arthroplasty Using Medial-Congruent Bearing,10.3390/jcm15020806,OpenAlex,Excluded,Robot performs an intervention; imaging sensor is not the controlled diagnostic device,
1621,A8,2026,Deep-learning based porosities segmentation applied to twin robotic CT images,10.58286/32596,OpenAlex,Excluded,"Industrial, materials, or non-clinical acquisition",
1624,A8,2026,Early Radiographic and Clinical Outcomes of Cementless Robot-Assisted Functional Alignment Total Knee Arthroplasty with Wide Boundary in Elderly Japanese Patients,10.1055/a-2835-3581,OpenAlex,Excluded,Robot performs an intervention; imaging sensor is not the controlled diagnostic device,
1629,A8,2026,Enhanced and express workflows in robotic total hip arthroplasty: A paired accuracy study using radiographic validation,10.1007/s11701-026-03233-8,OpenAlex,Excluded,No explicit robot-controlled diagnostic acquisition geometry,
1631,A8,2026,Equivalent Functional Recovery and Radiographic Outcomes in Human Immunodeficiency Virus-Positive and -Negative Patients Undergoing Robot-Assisted Total Knee Arthroplasty,10.1016/j.arth.2026.07.004,OpenAlex,Excluded,Robot performs an intervention; imaging sensor is not the controlled diagnostic device,
1636,A8,2026,Feasibility of Augmented Reality-Guided Robotic Ultrasound with Cone-Beam CT Integration for Spine Procedures,10.48550/arxiv.2603.22174,OpenAlex; arXiv,Excluded,No explicit robot-controlled diagnostic acquisition geometry,
1638,A8,2026,Fluoroscopy-Constrained Magnetic Robot Control via Zernike-Based Field Modeling and Nonlinear MPC,10.48550/arxiv.2602.15357,OpenAlex; arXiv,Excluded,No explicit robot-controlled diagnostic acquisition geometry,
1639,A8,2026,Frameless robotic stereotactic brain biopsy workflow with CT-MRI fusion and CT-to-fluoroscopy registration: Step-by-step technical note and early experience,10.1016/j.bas.2026.105940,OpenAlex,Excluded,No explicit robot-controlled diagnostic acquisition geometry,
1650,A8,2026,High accuracy of knee alignment following well-balanced image-based robot-assisted total knee arthroplasty; radiographic validation of implant position and knee alignment,10.1016/j.jor.2026.01.018,OpenAlex,Excluded,Robot performs an intervention; imaging sensor is not the controlled diagnostic device,
1655,A8,2026,Iatrogenic coronal-sagittal coupling driven by a 12.4° rotational mismatch in manual total knee arthroplasty and precise decoupling with robotic assistance: a radiographic retrospective cohort study,10.1186/s42836-026-00398-3,OpenAlex,Excluded,No explicit robot-controlled diagnostic acquisition geometry,
1659,A8,2026,Implementation of Intraoperative Cone-Beam CT (Loop-X) in an Established Robotic-Assisted Pedicle Screw Program: An Epoch-Based Cohort Study,10.3390/jcm15103749,OpenAlex,Excluded,No explicit robot-controlled diagnostic acquisition geometry,
1662,A8,2026,Integration of a mobile robotic cone beam CT scanner in pediatric neurosurgery,10.1007/s00381-026-07238-4,Europe PMC; OpenAlex,Included,"Robot controls the diagnostic sensor, viewpoint, contact, or acquisition trajectory",1662
1676,A8,2026,Minimally Invasive Treatment of Calcaneal Fractures Based on 3D Fluoroscopic Robot-Assisted Percutaneous Reduction and Screw Fixation Combined With a Novel Circular Distractor,10.1097/bot.0000000000003162,OpenAlex,Excluded,No explicit robot-controlled diagnostic acquisition geometry,
1684,A8,2026,Neuroendovascular procedures in the hybrid operating room using a monoplane robotic C-arm – feasibility study,10.1016/j.clineuro.2026.109397,Europe PMC; OpenAlex,Included,"Robot controls the diagnostic sensor, viewpoint, contact, or acquisition trajectory",1684
1692,A8,2026,Pulsar Selection Criteria and Performance Evaluation of Autonomous X-ray Pulsar Navigation Systems,,arXiv,Excluded,"Industrial, materials, or non-clinical acquisition",
1695,A8,2026,Radiographic Accuracy and Consistency of Implant Placement Using the ROSA® Knee System in Robotic-Assisted Total Knee Arthroplasty: A Prospective Analysis,10.3390/life16060925,OpenAlex,Excluded,No explicit robot-controlled diagnostic acquisition geometry,
1699,A8,2026,Real-time three-dimensional robotic C-arm navigation for ventriculoperitoneal shunt placement: a single-center retrospective study,10.1016/j.jocn.2026.111868,Europe PMC; OpenAlex,Included,"Robot controls the diagnostic sensor, viewpoint, contact, or acquisition trajectory",1699
1700,A8,2026,Redefining robotic image-guidance – tomographic visualization of lesions during prostate cancer surgery via gantry-free robotic SPECT,10.1007/s00259-026-07987-z,Europe PMC; OpenAlex,Included,"Robot controls the diagnostic sensor, viewpoint, contact, or acquisition trajectory",1700
1706,A8,2026,Robot-assisted frameless brain biopsy with computed tomography-to-fluoroscopy registration: Step-by-step surgical video,10.25259/sni_158_2026,OpenAlex,Excluded,No explicit robot-controlled diagnostic acquisition geometry,
1712,A8,2026,Robotic <i>versus</i> cone-beam computed tomography navigation bronchoscopy: propensity-matched analysis of diagnostic yield,10.1183/23120541.01519-2025,OpenAlex,Excluded,No explicit robot-controlled diagnostic acquisition geometry,
1744,A8,2026,The Impact of Recovery Achievement on the Value of Post-Tube Chest X-Ray After Chest Tube Removal Following Robotic Lung Resection,10.21203/rs.3.rs-9851430/v1,OpenAlex,Excluded,No explicit robot-controlled diagnostic acquisition geometry,
1746,A8,2026,"The LANCET robotic system improves radiographic alignment and prosthesis positioning in TKA: a multicenter, prospective controlled clinical trial",10.1016/j.advop.2026.02.001,OpenAlex,Excluded,No explicit robot-controlled diagnostic acquisition geometry,
1769,A9,2002,Telepathology in a routine clinical environment: implementation and accuracy of diagnosis by robotic microscopy in a one‐stop breast clinic,10.1002/path.1049,Europe PMC; OpenAlex,Excluded,"Ex-vivo laboratory/pathology microscopy, outside patient-side embodiment",
1775,A9,2009,Primary frozen section diagnosis by robotic microscopy and virtual slide telepathology: the University Health Network experience,10.1016/j.humpath.2009.04.012,Europe PMC; OpenAlex,Excluded,"Ex-vivo laboratory/pathology microscopy, outside patient-side embodiment",
1777,A9,2010,Cytologic evaluation of image-guided fine needle aspiration biopsies via robotic microscopy: A validation study,10.4103/2153-3539.63826,Europe PMC; OpenAlex,Excluded,"Ex-vivo laboratory/pathology microscopy, outside patient-side embodiment",
1782,A9,2012,Evaluation of a Completely Robotized Neurosurgical Operating Microscope,10.1227/neu.0b013e31827235f8,Europe PMC; OpenAlex,Included,"Robot controls the diagnostic sensor, viewpoint, contact, or acquisition trajectory",1782
1784,A9,2012,Robot-assisted transvaginal peritoneoscopy using confocal endomicroscopy: a feasibility study in a porcine model,10.1007/s00464-012-2228-1,Europe PMC; OpenAlex,Included,"Robot controls the diagnostic sensor, viewpoint, contact, or acquisition trajectory",1784
1785,A9,2012,"Robotics and smart instruments for translating endomicroscopy to in situ, in vivo applications",10.1016/j.compmedimag.2012.08.003,Europe PMC; OpenAlex,Excluded,Robot-sensor coupling is absent or not central to the diagnostic observation,
1789,A9,2013,Robotic Autopositioning of the Operating Microscope,10.1227/neu.0000000000000276,Europe PMC; OpenAlex,Included,"Robot controls the diagnostic sensor, viewpoint, contact, or acquisition trajectory",1789
1790,A9,2013,Robotisation de la réalisation de mosaïques d'images endomicroscopiques,,OpenAlex,Included,"Robot controls the diagnostic sensor, viewpoint, contact, or acquisition trajectory",1790
1791,A9,2014,MP58-03 INTRAOPERATIVE OPTICAL BIOPSY DURING ROBOTIC-ASSISTED RADICAL PROSTATECTOMY USING CONFOCAL LASER ENDOMICROSCOPY: INITIAL FEASIBILITY STUDY,10.1016/j.juro.2014.02.1819,OpenAlex,Included,"Robot controls the diagnostic sensor, viewpoint, contact, or acquisition trajectory",1791
1796,A9,2015,Force adaptive robotically assisted endomicroscopy for intraoperative tumour identification,10.1007/s11548-015-1179-0,Europe PMC; OpenAlex,Included,"Robot controls the diagnostic sensor, viewpoint, contact, or acquisition trajectory",1796
1798,A9,2015,Intraoperative Optical Biopsy during Robotic Assisted Radical Prostatectomy Using Confocal Endomicroscopy,10.1016/j.juro.2015.10.182,Europe PMC; OpenAlex,Included,"Robot controls the diagnostic sensor, viewpoint, contact, or acquisition trajectory",1798
1802,A9,2016,"A Prospective Cohort Evaluation of a Robotic, Auto-Navigating Operating Microscope",10.7759/cureus.662,Europe PMC; OpenAlex,Included,"Robot controls the diagnostic sensor, viewpoint, contact, or acquisition trajectory",1802
1803,A9,2016,Autonomous Scanning for Endomicroscopic Mosaicing and 3D Fusion,10.1109/icra.2017.7989412,arXiv,Included,"Robot controls the diagnostic sensor, viewpoint, contact, or acquisition trajectory",1803
1806,A9,2016,Robotics for surgical microscopy,10.25560/46198,Europe PMC; OpenAlex,Included,"Robot controls the diagnostic sensor, viewpoint, contact, or acquisition trajectory",1806
1811,A9,2017,Endomicroscopy for Computer and Robot Assisted Intervention,10.1109/rbme.2017.2686483,Europe PMC; OpenAlex,Excluded,Robot-sensor coupling is absent or not central to the diagnostic observation,
1812,A9,2017,Flexible Robotic Scanning Device for Intraoperative Endomicroscopy in MIS,10.1109/tmech.2017.2700008,OpenAlex,Included,"Robot controls the diagnostic sensor, viewpoint, contact, or acquisition trajectory",1812
1815,A9,2017,Microsurgical Clipping of an Anterior Communicating Artery Aneurysm Using a Novel Robotic Visualization Tool in Lieu of the Binocular Operating Microscope: Operative Video,10.1093/ons/opx081,Europe PMC; OpenAlex,Included,"Robot controls the diagnostic sensor, viewpoint, contact, or acquisition trajectory",1815
1819,A9,2018,In Reply: Microsurgical Clipping of an Anterior Communicating Artery Aneurysm Using a Novel Robotic Visualization Tool in Lieu of the Binocular Operating Microscope: Operative Video.,10.1093/ons/opy081,Europe PMC,Excluded,Non-primary publication (review/comment/letter/erratum),
1820,A9,2018,In Vivo Inspection of the Olfactory Epithelium: Feasibility of Robotized Optical Biopsy,10.1007/s10439-018-2076-9,OpenAlex,Included,"Robot controls the diagnostic sensor, viewpoint, contact, or acquisition trajectory",1820
1823,A9,2018,Letter: Microsurgical Clipping of an Anterior Communicating Artery Aneurysm Using a Novel Robotic Visualization Tool in Lieu of the Binocular Operating Microscope: Operative Video.,10.1093/ons/opy076,Europe PMC,Excluded,Non-primary publication (review/comment/letter/erratum),
1826,A9,2018,Modular Robotic Scanning Device for Real-Time Gastric Endomicroscopy,10.1007/s10439-018-02156-2,Europe PMC; OpenAlex,Included,"Robot controls the diagnostic sensor, viewpoint, contact, or acquisition trajectory",1826
1827,A9,2018,Online Robust Endomicroscopy Video Mosaicking Using Robot Prior,10.1109/lra.2018.2863372,OpenAlex,Included,"Robot controls the diagnostic sensor, viewpoint, contact, or acquisition trajectory",1827
1829,A9,2018,Robotic Scanning Device for Intraoperative Thyroid Gland Endomicroscopy,10.1007/s10439-018-1978-x,Europe PMC; OpenAlex,Included,"Robot controls the diagnostic sensor, viewpoint, contact, or acquisition trajectory",1829
1833,A9,2019,A Miniature Robotic-Assisted Tool for Large Area Endomicroscopy Scanning,10.1115/1.4045647,OpenAlex,Included,"Robot controls the diagnostic sensor, viewpoint, contact, or acquisition trajectory",1833
1834,A9,2019,A Novel Semi-Autonomous Control Framework for Retina Confocal Endomicroscopy Scanning.,10.1109/iros40897.2019.8967751,Europe PMC,Included,"Robot controls the diagnostic sensor, viewpoint, contact, or acquisition trajectory",1834
1836,A9,2019,En-face optical coherence tomography/fluorescence endomicroscopy for minimally invasive imaging using a robotic scanner,10.1117/1.jbo.24.6.066006,Europe PMC; OpenAlex,Included,"Robot controls the diagnostic sensor, viewpoint, contact, or acquisition trajectory",1836
1837,A9,2019,Hybrid Robot-Assisted Frameworks for Endomicroscopy Scanning in Retinal Surgeries,10.1109/tmrb.2020.2988312,Europe PMC; OpenAlex; arXiv,Included,"Robot controls the diagnostic sensor, viewpoint, contact, or acquisition trajectory",1837
1849,A9,2020,The Next Generation Robotic Microscopy for Intraoperative Teleneuropathology Consultation,10.4103/jpi.jpi_2_20,Europe PMC; OpenAlex,Excluded,Robot-sensor coupling is absent or not central to the diagnostic observation,
1851,A9,2021,Confocal endomicroscopy and robot-assisted bronchoplasty integration to treat an endobronchial tumour,10.1093/icvts/ivab135,Europe PMC; OpenAlex,Excluded,Robot-sensor coupling is absent or not central to the diagnostic observation,
1853,A9,2021,Intraoperative resection margins assessment with confocal laser endomicroscopy during robot-assisted radical prostatectomy,10.1016/s0302-2838(21)00809-5,OpenAlex,Excluded,Robot-sensor coupling is absent or not central to the diagnostic observation,
1865,A9,2022,Robotic Navigational Bronchoscopy Combined with Needle-Based Confocal Laser Endomicroscopy: Case Report of a Novel Approach to Diagnose Small Lung Nodules,10.1159/000522515,Europe PMC; OpenAlex,Included,"Robot controls the diagnostic sensor, viewpoint, contact, or acquisition trajectory",1865
1866,A9,2022,Robotic bronchoscopic needle‐based confocal laser endomicroscopy to diagnose peripheral lung nodules,10.1111/resp.14438,Europe PMC; OpenAlex,Included,"Robot controls the diagnostic sensor, viewpoint, contact, or acquisition trajectory",1866
1870,A9,2022,Visualization and Maneuverability Features of a Robotic Arm Three-Dimensional Exoscope and Operating Microscope for Clipping an Unruptured Intracranial Aneurysm: Video Comparison and Technical Evaluation.,10.1227/ons.0000000000000060,Europe PMC,Included,"Robot controls the diagnostic sensor, viewpoint, contact, or acquisition trajectory",1870
1873,A9,2023,Real‐time visualization of lung malignancy with needle‐based confocal laser endomicroscopy during shape‐sensing robotic‐assisted bronchoscopy,10.1002/rcr2.1092,Europe PMC; OpenAlex,Included,"Robot controls the diagnostic sensor, viewpoint, contact, or acquisition trajectory",1873
1874,A9,2023,Remotely operated robotic microscopy for rapid diagnosis of bronchoscopic cytology specimens,10.1002/dc.25177,Europe PMC; OpenAlex,Excluded,"Ex-vivo laboratory/pathology microscopy, outside patient-side embodiment",
1878,A9,2023,Toward Robotics-Assisted Endomicroscopy in Percutaneous Needle-Based Interventions,10.1109/tmrb.2023.3337869,OpenAlex,Included,"Robot controls the diagnostic sensor, viewpoint, contact, or acquisition trajectory",1878
1881,A9,2024,Distance Regression Enhanced With Temporal Information Fusion and Adversarial Training for Robot-Assisted Endomicroscopy,10.1109/tmi.2024.3405794,Europe PMC; OpenAlex,Included,"Robot controls the diagnostic sensor, viewpoint, contact, or acquisition trajectory",1881
1882,A9,2024,FF-ViT: probe orientation regression for robot-assisted endomicroscopy tissue scanning,10.1007/s11548-024-03113-2,Europe PMC; OpenAlex,Included,"Robot controls the diagnostic sensor, viewpoint, contact, or acquisition trajectory",1882
1893,A9,2025,Stable distance regression via spatial–frequency state space model for robot-assisted endomicroscopy,10.1007/s11548-025-03353-w,Europe PMC; OpenAlex,Included,"Robot controls the diagnostic sensor, viewpoint, contact, or acquisition trajectory",1893
1896,A9,2026,C78-04 Needle-based Confocal Laser Endomicroscopy-assisted Lung Nodule Biopsy Using the ION Robotic Bronchoscopy Platform - A Case Report,10.1093/ajrccm/aamag162.3544,OpenAlex,Included,"Robot controls the diagnostic sensor, viewpoint, contact, or acquisition trajectory",1896
1900,A9,2026,"Step-to-Focus Prediction in Robotic Microscopy: A Comparative Study of RNN, LSTM, GRU, and CNN1D Architectures",10.62527/joiv.10.3.4523,OpenAlex,Excluded,Robot-sensor coupling is absent or not central to the diagnostic observation,
