claim_id,section,claim_summary,supporting_keys,evidence_type,directness,limitations,status
E001,everyday_monitoring,Continuous and contextual sensing can reveal deviations from individual baselines,"Dunn2021WearablePredictions;Mishra2020SmartwatchCOVID;Yang2022ParkinsonBreathing",observational_and_model_development,indirect_to_clinical_benefit,Performance does not by itself establish improved outcomes,retain_with_caveat
E002,point_of_care,Autonomous or guided acquisition can reduce operator dependence,"Narang2021GuidedEchoAcquisition;Su2024AutonomousThyroidUltrasound;Leipheimer2019AutomatedVenipuncture",technical_and_clinical_validation,mixed,Generalizability and workflow outcomes vary by study,retain_with_caveat
E003,rehabilitation,Human-in-the-loop adaptation can personalize assistive control,"Zhang2017ExoskeletonOptimization;Ding2018SoftExosuit;Slade2022RealWorldExoskeleton",experimental_human_studies,direct_for_device_performance,Clinical endpoints and long-term benefit remain less certain,retain
E004,ethics,Ambient health intelligence creates consent privacy and bystander-governance challenges,"MartinezMartin2021AmbientIntelligence;Cohen2020RemoteMonitoringDevices;WHO2021AIEthics",ethics_and_governance,conceptual,Normative sources do not quantify effect size,retain
E005,fairness,Measurement and algorithmic bias can distribute error and resources unequally,"Sjoding2020PulseOximetry;Obermeyer2019RacialBias;Chen2023AlgorithmFairness",empirical_and_review,direct_for_examples,Examples do not establish prevalence in every embodied system,retain
E006,outlook,Self-driving laboratories demonstrate closed-loop automated experimentation,"Hase2019NextGenerationExperimentation;Burger2020MobileRoboticChemist;MacLeod2020SelfDrivingLaboratory;Angello2022ClosedLoopOptimization;Tom2024SelfDrivingLaboratories",review_and_demonstrations,direct_outside_medicine,Translation to clinical discovery is prospective,retain_as_outlook
E007,outlook,Longitudinal multimodal data can support individualized health trajectories,"Chen2012PersonalOmics;SchuesslerFiorenzaRose2019LongitudinalBigData;Zhou2019LongitudinalMultiOmics;Katsoulakis2024DigitalTwins",cohort_and_review,mixed,Causal intervention validity is not established by longitudinal fit,retain_with_caveat
E008,outlook,Closed-loop therapy is clinically feasible in bounded domains,"Brown2019ClosedLoopDiabetes;Scangos2021ClosedLoopNeuromodulation;FDA2023PhysiologicClosedLoop",trial_case_and_guidance,direct_in_specific_domains,Generalization to continual learning systems is unproven,retain_with_caveat

